"MUC","Year","Species","total.ABUNDNR","tot.biomass","Interest"
"EMB262_12_2_MUC",1998,"Apocalathium malmogiense",0,15976730,"Apocalathium"
"EMB262_12_2_MUC",1998,"PERIDINIUM",0,15976730,"Apocalathium"
"EMB262_12_2_MUC",1998,"Pericrocotus brevirostris",0,15976730,"Pericrocotus brevirostris"
"EMB262_12_2_MUC",1998,"Peridinium",0,15976730,"Apocalathium"
"EMB262_12_2_MUC",1998,"Peridinium balticum",0,15976730,"Apocalathium"
"EMB262_12_2_MUC",1998,"Peridinium bipes",0,15976730,"Apocalathium"
"EMB262_12_2_MUC",1998,"Peridinium hangoei",0,15976730,"Apocalathium"
"EMB262_12_2_MUC",1998,"SCRIPPSIELLA",0,15976730,"Apocalathium"
"EMB262_12_2_MUC",1998,"SKELETONEMA",0,15976730,"Skeletonema"
"EMB262_12_2_MUC",1998,"Scrippsiella",0,15976730,"Apocalathium"
"EMB262_12_2_MUC",1998,"Scrippsiella hangoei",1879056.66666667,15976730,"Apocalathium"
"EMB262_12_2_MUC",1998,"Scrippsiella trochoidea",0,15976730,"Apocalathium"
"EMB262_12_2_MUC",1998,"Skeletonema",0,15976730,"Skeletonema"
"EMB262_12_2_MUC",1998,"Skeletonema costatum",3288090,15976730,"Skeletonema"
"EMB262_12_2_MUC",1998,"Skeletonema marinoi",0,15976730,"Skeletonema"
"EMB262_12_2_MUC",1998,"Skeletonema subsalsum",1180,15976730,"Skeletonema"
"EMB262_12_2_MUC",2000,"Apocalathium malmogiense",0,12342719,"Apocalathium"
"EMB262_12_2_MUC",2000,"PERIDINIUM",0,12342719,"Apocalathium"
"EMB262_12_2_MUC",2000,"Pericrocotus brevirostris",0,12342719,"Pericrocotus brevirostris"
"EMB262_12_2_MUC",2000,"Peridinium",0,12342719,"Apocalathium"
"EMB262_12_2_MUC",2000,"Peridinium balticum",0,12342719,"Apocalathium"
"EMB262_12_2_MUC",2000,"Peridinium bipes",0,12342719,"Apocalathium"
"EMB262_12_2_MUC",2000,"Peridinium hangoei",0,12342719,"Apocalathium"
"EMB262_12_2_MUC",2000,"SCRIPPSIELLA",0,12342719,"Apocalathium"
"EMB262_12_2_MUC",2000,"SKELETONEMA",0,12342719,"Skeletonema"
"EMB262_12_2_MUC",2000,"Scrippsiella",0,12342719,"Apocalathium"
"EMB262_12_2_MUC",2000,"Scrippsiella hangoei",297888.5,12342719,"Apocalathium"
"EMB262_12_2_MUC",2000,"Scrippsiella trochoidea",0,12342719,"Apocalathium"
"EMB262_12_2_MUC",2000,"Skeletonema",0,12342719,"Skeletonema"
"EMB262_12_2_MUC",2000,"Skeletonema costatum",1160217.33333333,12342719,"Skeletonema"
"EMB262_12_2_MUC",2000,"Skeletonema marinoi",0,12342719,"Skeletonema"
"EMB262_12_2_MUC",2000,"Skeletonema subsalsum",0,12342719,"Skeletonema"
"EMB262_12_2_MUC",2001,"Apocalathium malmogiense",0,11132786.1666667,"Apocalathium"
"EMB262_12_2_MUC",2001,"PERIDINIUM",0,11132786.1666667,"Apocalathium"
"EMB262_12_2_MUC",2001,"Pericrocotus brevirostris",0,11132786.1666667,"Pericrocotus brevirostris"
"EMB262_12_2_MUC",2001,"Peridinium",0,11132786.1666667,"Apocalathium"
"EMB262_12_2_MUC",2001,"Peridinium balticum",0,11132786.1666667,"Apocalathium"
"EMB262_12_2_MUC",2001,"Peridinium bipes",0,11132786.1666667,"Apocalathium"
"EMB262_12_2_MUC",2001,"Peridinium hangoei",0,11132786.1666667,"Apocalathium"
"EMB262_12_2_MUC",2001,"SCRIPPSIELLA",0,11132786.1666667,"Apocalathium"
"EMB262_12_2_MUC",2001,"SKELETONEMA",0,11132786.1666667,"Skeletonema"
"EMB262_12_2_MUC",2001,"Scrippsiella",0,11132786.1666667,"Apocalathium"
"EMB262_12_2_MUC",2001,"Scrippsiella hangoei",584282,11132786.1666667,"Apocalathium"
"EMB262_12_2_MUC",2001,"Scrippsiella trochoidea",0,11132786.1666667,"Apocalathium"
"EMB262_12_2_MUC",2001,"Skeletonema",0,11132786.1666667,"Skeletonema"
"EMB262_12_2_MUC",2001,"Skeletonema costatum",3062012,11132786.1666667,"Skeletonema"
"EMB262_12_2_MUC",2001,"Skeletonema marinoi",0,11132786.1666667,"Skeletonema"
"EMB262_12_2_MUC",2001,"Skeletonema subsalsum",0,11132786.1666667,"Skeletonema"
"EMB262_12_2_MUC",2002,"Apocalathium malmogiense",0,13593756.9444444,"Apocalathium"
"EMB262_12_2_MUC",2002,"PERIDINIUM",0,13593756.9444444,"Apocalathium"
"EMB262_12_2_MUC",2002,"Pericrocotus brevirostris",0,13593756.9444444,"Pericrocotus brevirostris"
"EMB262_12_2_MUC",2002,"Peridinium",0,13593756.9444444,"Apocalathium"
"EMB262_12_2_MUC",2002,"Peridinium balticum",0,13593756.9444444,"Apocalathium"
"EMB262_12_2_MUC",2002,"Peridinium bipes",0,13593756.9444444,"Apocalathium"
"EMB262_12_2_MUC",2002,"Peridinium hangoei",0,13593756.9444444,"Apocalathium"
"EMB262_12_2_MUC",2002,"SCRIPPSIELLA",0,13593756.9444444,"Apocalathium"
"EMB262_12_2_MUC",2002,"SKELETONEMA",0,13593756.9444444,"Skeletonema"
"EMB262_12_2_MUC",2002,"Scrippsiella",204212,13593756.9444444,"Apocalathium"
"EMB262_12_2_MUC",2002,"Scrippsiella hangoei",1002485.66666667,13593756.9444444,"Apocalathium"
"EMB262_12_2_MUC",2002,"Scrippsiella trochoidea",0,13593756.9444444,"Apocalathium"
"EMB262_12_2_MUC",2002,"Skeletonema",0,13593756.9444444,"Skeletonema"
"EMB262_12_2_MUC",2002,"Skeletonema costatum",826304.419047619,13593756.9444444,"Skeletonema"
"EMB262_12_2_MUC",2002,"Skeletonema marinoi",0,13593756.9444444,"Skeletonema"
"EMB262_12_2_MUC",2002,"Skeletonema subsalsum",0,13593756.9444444,"Skeletonema"
"EMB262_12_2_MUC",2004,"Apocalathium malmogiense",0,19053061.25,"Apocalathium"
"EMB262_12_2_MUC",2004,"PERIDINIUM",0,19053061.25,"Apocalathium"
"EMB262_12_2_MUC",2004,"Pericrocotus brevirostris",0,19053061.25,"Pericrocotus brevirostris"
"EMB262_12_2_MUC",2004,"Peridinium",0,19053061.25,"Apocalathium"
"EMB262_12_2_MUC",2004,"Peridinium balticum",0,19053061.25,"Apocalathium"
"EMB262_12_2_MUC",2004,"Peridinium bipes",0,19053061.25,"Apocalathium"
"EMB262_12_2_MUC",2004,"Peridinium hangoei",0,19053061.25,"Apocalathium"
"EMB262_12_2_MUC",2004,"SCRIPPSIELLA",0,19053061.25,"Apocalathium"
"EMB262_12_2_MUC",2004,"SKELETONEMA",0,19053061.25,"Skeletonema"
"EMB262_12_2_MUC",2004,"Scrippsiella",0,19053061.25,"Apocalathium"
"EMB262_12_2_MUC",2004,"Scrippsiella hangoei",4084507.75,19053061.25,"Apocalathium"
"EMB262_12_2_MUC",2004,"Scrippsiella trochoidea",0,19053061.25,"Apocalathium"
"EMB262_12_2_MUC",2004,"Skeletonema",0,19053061.25,"Skeletonema"
"EMB262_12_2_MUC",2004,"Skeletonema costatum",2708634.41666667,19053061.25,"Skeletonema"
"EMB262_12_2_MUC",2004,"Skeletonema marinoi",0,19053061.25,"Skeletonema"
"EMB262_12_2_MUC",2004,"Skeletonema subsalsum",0,19053061.25,"Skeletonema"
"EMB262_12_2_MUC",2006,"Apocalathium malmogiense",0,36977004,"Apocalathium"
"EMB262_12_2_MUC",2006,"PERIDINIUM",0,36977004,"Apocalathium"
"EMB262_12_2_MUC",2006,"Pericrocotus brevirostris",0,36977004,"Pericrocotus brevirostris"
"EMB262_12_2_MUC",2006,"Peridinium",0,36977004,"Apocalathium"
"EMB262_12_2_MUC",2006,"Peridinium balticum",0,36977004,"Apocalathium"
"EMB262_12_2_MUC",2006,"Peridinium bipes",0,36977004,"Apocalathium"
"EMB262_12_2_MUC",2006,"Peridinium hangoei",0,36977004,"Apocalathium"
"EMB262_12_2_MUC",2006,"SCRIPPSIELLA",0,36977004,"Apocalathium"
"EMB262_12_2_MUC",2006,"SKELETONEMA",0,36977004,"Skeletonema"
"EMB262_12_2_MUC",2006,"Scrippsiella",0,36977004,"Apocalathium"
"EMB262_12_2_MUC",2006,"Scrippsiella hangoei",0,36977004,"Apocalathium"
"EMB262_12_2_MUC",2006,"Scrippsiella trochoidea",0,36977004,"Apocalathium"
"EMB262_12_2_MUC",2006,"Skeletonema",0,36977004,"Skeletonema"
"EMB262_12_2_MUC",2006,"Skeletonema costatum",17861470,36977004,"Skeletonema"
"EMB262_12_2_MUC",2006,"Skeletonema marinoi",0,36977004,"Skeletonema"
"EMB262_12_2_MUC",2006,"Skeletonema subsalsum",0,36977004,"Skeletonema"
"EMB262_12_2_MUC",2007,"Apocalathium malmogiense",0,33943093.4166667,"Apocalathium"
"EMB262_12_2_MUC",2007,"PERIDINIUM",0,33943093.4166667,"Apocalathium"
"EMB262_12_2_MUC",2007,"Pericrocotus brevirostris",0,33943093.4166667,"Pericrocotus brevirostris"
"EMB262_12_2_MUC",2007,"Peridinium",0,33943093.4166667,"Apocalathium"
"EMB262_12_2_MUC",2007,"Peridinium balticum",0,33943093.4166667,"Apocalathium"
"EMB262_12_2_MUC",2007,"Peridinium bipes",0,33943093.4166667,"Apocalathium"
"EMB262_12_2_MUC",2007,"Peridinium hangoei",0,33943093.4166667,"Apocalathium"
"EMB262_12_2_MUC",2007,"SCRIPPSIELLA",0,33943093.4166667,"Apocalathium"
"EMB262_12_2_MUC",2007,"SKELETONEMA",0,33943093.4166667,"Skeletonema"
"EMB262_12_2_MUC",2007,"Scrippsiella",163485,33943093.4166667,"Apocalathium"
"EMB262_12_2_MUC",2007,"Scrippsiella hangoei",247828.666666667,33943093.4166667,"Apocalathium"
"EMB262_12_2_MUC",2007,"Scrippsiella trochoidea",0,33943093.4166667,"Apocalathium"
"EMB262_12_2_MUC",2007,"Skeletonema",0,33943093.4166667,"Skeletonema"
"EMB262_12_2_MUC",2007,"Skeletonema costatum",2021459.58333333,33943093.4166667,"Skeletonema"
"EMB262_12_2_MUC",2007,"Skeletonema marinoi",0,33943093.4166667,"Skeletonema"
"EMB262_12_2_MUC",2007,"Skeletonema subsalsum",0,33943093.4166667,"Skeletonema"
"EMB262_12_2_MUC",2012,"Apocalathium malmogiense",0,18735601.6666667,"Apocalathium"
"EMB262_12_2_MUC",2012,"PERIDINIUM",0,18735601.6666667,"Apocalathium"
"EMB262_12_2_MUC",2012,"Pericrocotus brevirostris",0,18735601.6666667,"Pericrocotus brevirostris"
"EMB262_12_2_MUC",2012,"Peridinium",0,18735601.6666667,"Apocalathium"
"EMB262_12_2_MUC",2012,"Peridinium balticum",0,18735601.6666667,"Apocalathium"
"EMB262_12_2_MUC",2012,"Peridinium bipes",0,18735601.6666667,"Apocalathium"
"EMB262_12_2_MUC",2012,"Peridinium hangoei",0,18735601.6666667,"Apocalathium"
"EMB262_12_2_MUC",2012,"SCRIPPSIELLA",0,18735601.6666667,"Apocalathium"
"EMB262_12_2_MUC",2012,"SKELETONEMA",0,18735601.6666667,"Skeletonema"
"EMB262_12_2_MUC",2012,"Scrippsiella",491352,18735601.6666667,"Apocalathium"
"EMB262_12_2_MUC",2012,"Scrippsiella hangoei",0,18735601.6666667,"Apocalathium"
"EMB262_12_2_MUC",2012,"Scrippsiella trochoidea",0,18735601.6666667,"Apocalathium"
"EMB262_12_2_MUC",2012,"Skeletonema",0,18735601.6666667,"Skeletonema"
"EMB262_12_2_MUC",2012,"Skeletonema costatum",0,18735601.6666667,"Skeletonema"
"EMB262_12_2_MUC",2012,"Skeletonema marinoi",3598292,18735601.6666667,"Skeletonema"
"EMB262_12_2_MUC",2012,"Skeletonema subsalsum",0,18735601.6666667,"Skeletonema"
"EMB262_12_2_MUC",2014,"Apocalathium malmogiense",0,13064635.5,"Apocalathium"
"EMB262_12_2_MUC",2014,"PERIDINIUM",0,13064635.5,"Apocalathium"
"EMB262_12_2_MUC",2014,"Pericrocotus brevirostris",0,13064635.5,"Pericrocotus brevirostris"
"EMB262_12_2_MUC",2014,"Peridinium",0,13064635.5,"Apocalathium"
"EMB262_12_2_MUC",2014,"Peridinium balticum",0,13064635.5,"Apocalathium"
"EMB262_12_2_MUC",2014,"Peridinium bipes",0,13064635.5,"Apocalathium"
"EMB262_12_2_MUC",2014,"Peridinium hangoei",0,13064635.5,"Apocalathium"
"EMB262_12_2_MUC",2014,"SCRIPPSIELLA",0,13064635.5,"Apocalathium"
"EMB262_12_2_MUC",2014,"SKELETONEMA",0,13064635.5,"Skeletonema"
"EMB262_12_2_MUC",2014,"Scrippsiella",56533.8,13064635.5,"Apocalathium"
"EMB262_12_2_MUC",2014,"Scrippsiella hangoei",885,13064635.5,"Apocalathium"
"EMB262_12_2_MUC",2014,"Scrippsiella trochoidea",0,13064635.5,"Apocalathium"
"EMB262_12_2_MUC",2014,"Skeletonema",0,13064635.5,"Skeletonema"
"EMB262_12_2_MUC",2014,"Skeletonema costatum",0,13064635.5,"Skeletonema"
"EMB262_12_2_MUC",2014,"Skeletonema marinoi",2118831.6,13064635.5,"Skeletonema"
"EMB262_12_2_MUC",2014,"Skeletonema subsalsum",0,13064635.5,"Skeletonema"
"EMB262_13_8_MUC",1983,"Apocalathium malmogiense",0,8159651.27913333,"Apocalathium"
"EMB262_13_8_MUC",1983,"PERIDINIUM",119000,8159651.27913333,"Apocalathium"
"EMB262_13_8_MUC",1983,"Pericrocotus brevirostris",0,8159651.27913333,"Pericrocotus brevirostris"
"EMB262_13_8_MUC",1983,"Peridinium",0,8159651.27913333,"Apocalathium"
"EMB262_13_8_MUC",1983,"Peridinium balticum",0,8159651.27913333,"Apocalathium"
"EMB262_13_8_MUC",1983,"Peridinium bipes",0,8159651.27913333,"Apocalathium"
"EMB262_13_8_MUC",1983,"Peridinium hangoei",0,8159651.27913333,"Apocalathium"
"EMB262_13_8_MUC",1983,"SCRIPPSIELLA",0,8159651.27913333,"Apocalathium"
"EMB262_13_8_MUC",1983,"SKELETONEMA",0,8159651.27913333,"Skeletonema"
"EMB262_13_8_MUC",1983,"Scrippsiella",0,8159651.27913333,"Apocalathium"
"EMB262_13_8_MUC",1983,"Scrippsiella hangoei",62793.3333333333,8159651.27913333,"Apocalathium"
"EMB262_13_8_MUC",1983,"Scrippsiella trochoidea",0,8159651.27913333,"Apocalathium"
"EMB262_13_8_MUC",1983,"Skeletonema",0,8159651.27913333,"Skeletonema"
"EMB262_13_8_MUC",1983,"Skeletonema costatum",1699786.26666667,8159651.27913333,"Skeletonema"
"EMB262_13_8_MUC",1983,"Skeletonema marinoi",0,8159651.27913333,"Skeletonema"
"EMB262_13_8_MUC",1983,"Skeletonema subsalsum",0,8159651.27913333,"Skeletonema"
"EMB262_13_8_MUC",1984,"Apocalathium malmogiense",0,3462208.92666667,"Apocalathium"
"EMB262_13_8_MUC",1984,"PERIDINIUM",0,3462208.92666667,"Apocalathium"
"EMB262_13_8_MUC",1984,"Pericrocotus brevirostris",0,3462208.92666667,"Pericrocotus brevirostris"
"EMB262_13_8_MUC",1984,"Peridinium",0,3462208.92666667,"Apocalathium"
"EMB262_13_8_MUC",1984,"Peridinium balticum",0,3462208.92666667,"Apocalathium"
"EMB262_13_8_MUC",1984,"Peridinium bipes",0,3462208.92666667,"Apocalathium"
"EMB262_13_8_MUC",1984,"Peridinium hangoei",0,3462208.92666667,"Apocalathium"
"EMB262_13_8_MUC",1984,"SCRIPPSIELLA",0,3462208.92666667,"Apocalathium"
"EMB262_13_8_MUC",1984,"SKELETONEMA",0,3462208.92666667,"Skeletonema"
"EMB262_13_8_MUC",1984,"Scrippsiella",0,3462208.92666667,"Apocalathium"
"EMB262_13_8_MUC",1984,"Scrippsiella hangoei",36741.6666666667,3462208.92666667,"Apocalathium"
"EMB262_13_8_MUC",1984,"Scrippsiella trochoidea",0,3462208.92666667,"Apocalathium"
"EMB262_13_8_MUC",1984,"Skeletonema",0,3462208.92666667,"Skeletonema"
"EMB262_13_8_MUC",1984,"Skeletonema costatum",3933721.984,3462208.92666667,"Skeletonema"
"EMB262_13_8_MUC",1984,"Skeletonema marinoi",0,3462208.92666667,"Skeletonema"
"EMB262_13_8_MUC",1984,"Skeletonema subsalsum",0,3462208.92666667,"Skeletonema"
"EMB262_13_8_MUC",1985,"Apocalathium malmogiense",0,54655542.866,"Apocalathium"
"EMB262_13_8_MUC",1985,"PERIDINIUM",20690,54655542.866,"Apocalathium"
"EMB262_13_8_MUC",1985,"Pericrocotus brevirostris",0,54655542.866,"Pericrocotus brevirostris"
"EMB262_13_8_MUC",1985,"Peridinium",0,54655542.866,"Apocalathium"
"EMB262_13_8_MUC",1985,"Peridinium balticum",0,54655542.866,"Apocalathium"
"EMB262_13_8_MUC",1985,"Peridinium bipes",0,54655542.866,"Apocalathium"
"EMB262_13_8_MUC",1985,"Peridinium hangoei",0,54655542.866,"Apocalathium"
"EMB262_13_8_MUC",1985,"SCRIPPSIELLA",0,54655542.866,"Apocalathium"
"EMB262_13_8_MUC",1985,"SKELETONEMA",0,54655542.866,"Skeletonema"
"EMB262_13_8_MUC",1985,"Scrippsiella",0,54655542.866,"Apocalathium"
"EMB262_13_8_MUC",1985,"Scrippsiella hangoei",64430,54655542.866,"Apocalathium"
"EMB262_13_8_MUC",1985,"Scrippsiella trochoidea",0,54655542.866,"Apocalathium"
"EMB262_13_8_MUC",1985,"Skeletonema",0,54655542.866,"Skeletonema"
"EMB262_13_8_MUC",1985,"Skeletonema costatum",306631.6,54655542.866,"Skeletonema"
"EMB262_13_8_MUC",1985,"Skeletonema marinoi",0,54655542.866,"Skeletonema"
"EMB262_13_8_MUC",1985,"Skeletonema subsalsum",0,54655542.866,"Skeletonema"
"EMB262_13_8_MUC",1986,"Apocalathium malmogiense",0,38293219.6833333,"Apocalathium"
"EMB262_13_8_MUC",1986,"PERIDINIUM",1036,38293219.6833333,"Apocalathium"
"EMB262_13_8_MUC",1986,"Pericrocotus brevirostris",0,38293219.6833333,"Pericrocotus brevirostris"
"EMB262_13_8_MUC",1986,"Peridinium",0,38293219.6833333,"Apocalathium"
"EMB262_13_8_MUC",1986,"Peridinium balticum",2000,38293219.6833333,"Apocalathium"
"EMB262_13_8_MUC",1986,"Peridinium bipes",0,38293219.6833333,"Apocalathium"
"EMB262_13_8_MUC",1986,"Peridinium hangoei",0,38293219.6833333,"Apocalathium"
"EMB262_13_8_MUC",1986,"SCRIPPSIELLA",0,38293219.6833333,"Apocalathium"
"EMB262_13_8_MUC",1986,"SKELETONEMA",0,38293219.6833333,"Skeletonema"
"EMB262_13_8_MUC",1986,"Scrippsiella",0,38293219.6833333,"Apocalathium"
"EMB262_13_8_MUC",1986,"Scrippsiella hangoei",7036.66666666667,38293219.6833333,"Apocalathium"
"EMB262_13_8_MUC",1986,"Scrippsiella trochoidea",0,38293219.6833333,"Apocalathium"
"EMB262_13_8_MUC",1986,"Skeletonema",0,38293219.6833333,"Skeletonema"
"EMB262_13_8_MUC",1986,"Skeletonema costatum",223304,38293219.6833333,"Skeletonema"
"EMB262_13_8_MUC",1986,"Skeletonema marinoi",0,38293219.6833333,"Skeletonema"
"EMB262_13_8_MUC",1986,"Skeletonema subsalsum",0,38293219.6833333,"Skeletonema"
"EMB262_13_8_MUC",1987,"Apocalathium malmogiense",0,43061404.7233333,"Apocalathium"
"EMB262_13_8_MUC",1987,"PERIDINIUM",0,43061404.7233333,"Apocalathium"
"EMB262_13_8_MUC",1987,"Pericrocotus brevirostris",0,43061404.7233333,"Pericrocotus brevirostris"
"EMB262_13_8_MUC",1987,"Peridinium",0,43061404.7233333,"Apocalathium"
"EMB262_13_8_MUC",1987,"Peridinium balticum",0,43061404.7233333,"Apocalathium"
"EMB262_13_8_MUC",1987,"Peridinium bipes",0,43061404.7233333,"Apocalathium"
"EMB262_13_8_MUC",1987,"Peridinium hangoei",0,43061404.7233333,"Apocalathium"
"EMB262_13_8_MUC",1987,"SCRIPPSIELLA",0,43061404.7233333,"Apocalathium"
"EMB262_13_8_MUC",1987,"SKELETONEMA",0,43061404.7233333,"Skeletonema"
"EMB262_13_8_MUC",1987,"Scrippsiella",0,43061404.7233333,"Apocalathium"
"EMB262_13_8_MUC",1987,"Scrippsiella hangoei",11025,43061404.7233333,"Apocalathium"
"EMB262_13_8_MUC",1987,"Scrippsiella trochoidea",0,43061404.7233333,"Apocalathium"
"EMB262_13_8_MUC",1987,"Skeletonema",0,43061404.7233333,"Skeletonema"
"EMB262_13_8_MUC",1987,"Skeletonema costatum",0,43061404.7233333,"Skeletonema"
"EMB262_13_8_MUC",1987,"Skeletonema marinoi",0,43061404.7233333,"Skeletonema"
"EMB262_13_8_MUC",1987,"Skeletonema subsalsum",0,43061404.7233333,"Skeletonema"
"EMB262_13_8_MUC",1988,"Apocalathium malmogiense",0,46443764.2916667,"Apocalathium"
"EMB262_13_8_MUC",1988,"PERIDINIUM",0,46443764.2916667,"Apocalathium"
"EMB262_13_8_MUC",1988,"Pericrocotus brevirostris",0,46443764.2916667,"Pericrocotus brevirostris"
"EMB262_13_8_MUC",1988,"Peridinium",0,46443764.2916667,"Apocalathium"
"EMB262_13_8_MUC",1988,"Peridinium balticum",0,46443764.2916667,"Apocalathium"
"EMB262_13_8_MUC",1988,"Peridinium bipes",0,46443764.2916667,"Apocalathium"
"EMB262_13_8_MUC",1988,"Peridinium hangoei",240,46443764.2916667,"Apocalathium"
"EMB262_13_8_MUC",1988,"SCRIPPSIELLA",0,46443764.2916667,"Apocalathium"
"EMB262_13_8_MUC",1988,"SKELETONEMA",0,46443764.2916667,"Skeletonema"
"EMB262_13_8_MUC",1988,"Scrippsiella",0,46443764.2916667,"Apocalathium"
"EMB262_13_8_MUC",1988,"Scrippsiella hangoei",11470,46443764.2916667,"Apocalathium"
"EMB262_13_8_MUC",1988,"Scrippsiella trochoidea",0,46443764.2916667,"Apocalathium"
"EMB262_13_8_MUC",1988,"Skeletonema",0,46443764.2916667,"Skeletonema"
"EMB262_13_8_MUC",1988,"Skeletonema costatum",3764696.86666667,46443764.2916667,"Skeletonema"
"EMB262_13_8_MUC",1988,"Skeletonema marinoi",0,46443764.2916667,"Skeletonema"
"EMB262_13_8_MUC",1988,"Skeletonema subsalsum",0,46443764.2916667,"Skeletonema"
"EMB262_13_8_MUC",1989,"Apocalathium malmogiense",0,8507807.7225,"Apocalathium"
"EMB262_13_8_MUC",1989,"PERIDINIUM",0,8507807.7225,"Apocalathium"
"EMB262_13_8_MUC",1989,"Pericrocotus brevirostris",0,8507807.7225,"Pericrocotus brevirostris"
"EMB262_13_8_MUC",1989,"Peridinium",0,8507807.7225,"Apocalathium"
"EMB262_13_8_MUC",1989,"Peridinium balticum",0,8507807.7225,"Apocalathium"
"EMB262_13_8_MUC",1989,"Peridinium bipes",0,8507807.7225,"Apocalathium"
"EMB262_13_8_MUC",1989,"Peridinium hangoei",0,8507807.7225,"Apocalathium"
"EMB262_13_8_MUC",1989,"SCRIPPSIELLA",0,8507807.7225,"Apocalathium"
"EMB262_13_8_MUC",1989,"SKELETONEMA",0,8507807.7225,"Skeletonema"
"EMB262_13_8_MUC",1989,"Scrippsiella",0,8507807.7225,"Apocalathium"
"EMB262_13_8_MUC",1989,"Scrippsiella hangoei",54335,8507807.7225,"Apocalathium"
"EMB262_13_8_MUC",1989,"Scrippsiella trochoidea",0,8507807.7225,"Apocalathium"
"EMB262_13_8_MUC",1989,"Skeletonema",0,8507807.7225,"Skeletonema"
"EMB262_13_8_MUC",1989,"Skeletonema costatum",1427654.2,8507807.7225,"Skeletonema"
"EMB262_13_8_MUC",1989,"Skeletonema marinoi",0,8507807.7225,"Skeletonema"
"EMB262_13_8_MUC",1989,"Skeletonema subsalsum",0,8507807.7225,"Skeletonema"
"EMB262_13_8_MUC",1990,"Apocalathium malmogiense",0,8298819.88333333,"Apocalathium"
"EMB262_13_8_MUC",1990,"PERIDINIUM",0,8298819.88333333,"Apocalathium"
"EMB262_13_8_MUC",1990,"Pericrocotus brevirostris",0,8298819.88333333,"Pericrocotus brevirostris"
"EMB262_13_8_MUC",1990,"Peridinium",0,8298819.88333333,"Apocalathium"
"EMB262_13_8_MUC",1990,"Peridinium balticum",0,8298819.88333333,"Apocalathium"
"EMB262_13_8_MUC",1990,"Peridinium bipes",0,8298819.88333333,"Apocalathium"
"EMB262_13_8_MUC",1990,"Peridinium hangoei",0,8298819.88333333,"Apocalathium"
"EMB262_13_8_MUC",1990,"SCRIPPSIELLA",0,8298819.88333333,"Apocalathium"
"EMB262_13_8_MUC",1990,"SKELETONEMA",0,8298819.88333333,"Skeletonema"
"EMB262_13_8_MUC",1990,"Scrippsiella",0,8298819.88333333,"Apocalathium"
"EMB262_13_8_MUC",1990,"Scrippsiella hangoei",54790.5,8298819.88333333,"Apocalathium"
"EMB262_13_8_MUC",1990,"Scrippsiella trochoidea",0,8298819.88333333,"Apocalathium"
"EMB262_13_8_MUC",1990,"Skeletonema",0,8298819.88333333,"Skeletonema"
"EMB262_13_8_MUC",1990,"Skeletonema costatum",1260416.8,8298819.88333333,"Skeletonema"
"EMB262_13_8_MUC",1990,"Skeletonema marinoi",0,8298819.88333333,"Skeletonema"
"EMB262_13_8_MUC",1990,"Skeletonema subsalsum",0,8298819.88333333,"Skeletonema"
"EMB262_13_8_MUC",1991,"Apocalathium malmogiense",0,1504698.78888889,"Apocalathium"
"EMB262_13_8_MUC",1991,"PERIDINIUM",0,1504698.78888889,"Apocalathium"
"EMB262_13_8_MUC",1991,"Pericrocotus brevirostris",0,1504698.78888889,"Pericrocotus brevirostris"
"EMB262_13_8_MUC",1991,"Peridinium",0,1504698.78888889,"Apocalathium"
"EMB262_13_8_MUC",1991,"Peridinium balticum",0,1504698.78888889,"Apocalathium"
"EMB262_13_8_MUC",1991,"Peridinium bipes",0,1504698.78888889,"Apocalathium"
"EMB262_13_8_MUC",1991,"Peridinium hangoei",0,1504698.78888889,"Apocalathium"
"EMB262_13_8_MUC",1991,"SCRIPPSIELLA",0,1504698.78888889,"Apocalathium"
"EMB262_13_8_MUC",1991,"SKELETONEMA",0,1504698.78888889,"Skeletonema"
"EMB262_13_8_MUC",1991,"Scrippsiella",0,1504698.78888889,"Apocalathium"
"EMB262_13_8_MUC",1991,"Scrippsiella hangoei",35613.3333333333,1504698.78888889,"Apocalathium"
"EMB262_13_8_MUC",1991,"Scrippsiella trochoidea",0,1504698.78888889,"Apocalathium"
"EMB262_13_8_MUC",1991,"Skeletonema",0,1504698.78888889,"Skeletonema"
"EMB262_13_8_MUC",1991,"Skeletonema costatum",618855.714285714,1504698.78888889,"Skeletonema"
"EMB262_13_8_MUC",1991,"Skeletonema marinoi",0,1504698.78888889,"Skeletonema"
"EMB262_13_8_MUC",1991,"Skeletonema subsalsum",0,1504698.78888889,"Skeletonema"
"EMB262_13_8_MUC",1992,"Apocalathium malmogiense",0,12640821.2309524,"Apocalathium"
"EMB262_13_8_MUC",1992,"PERIDINIUM",0,12640821.2309524,"Apocalathium"
"EMB262_13_8_MUC",1992,"Pericrocotus brevirostris",200,12640821.2309524,"Pericrocotus brevirostris"
"EMB262_13_8_MUC",1992,"Peridinium",0,12640821.2309524,"Apocalathium"
"EMB262_13_8_MUC",1992,"Peridinium balticum",0,12640821.2309524,"Apocalathium"
"EMB262_13_8_MUC",1992,"Peridinium bipes",0,12640821.2309524,"Apocalathium"
"EMB262_13_8_MUC",1992,"Peridinium hangoei",0,12640821.2309524,"Apocalathium"
"EMB262_13_8_MUC",1992,"SCRIPPSIELLA",0,12640821.2309524,"Apocalathium"
"EMB262_13_8_MUC",1992,"SKELETONEMA",0,12640821.2309524,"Skeletonema"
"EMB262_13_8_MUC",1992,"Scrippsiella",0,12640821.2309524,"Apocalathium"
"EMB262_13_8_MUC",1992,"Scrippsiella hangoei",51393.3333333333,12640821.2309524,"Apocalathium"
"EMB262_13_8_MUC",1992,"Scrippsiella trochoidea",0,12640821.2309524,"Apocalathium"
"EMB262_13_8_MUC",1992,"Skeletonema",0,12640821.2309524,"Skeletonema"
"EMB262_13_8_MUC",1992,"Skeletonema costatum",3116979.57142857,12640821.2309524,"Skeletonema"
"EMB262_13_8_MUC",1992,"Skeletonema marinoi",0,12640821.2309524,"Skeletonema"
"EMB262_13_8_MUC",1992,"Skeletonema subsalsum",0,12640821.2309524,"Skeletonema"
"EMB262_13_8_MUC",1993,"Apocalathium malmogiense",0,4690942.25666667,"Apocalathium"
"EMB262_13_8_MUC",1993,"PERIDINIUM",0,4690942.25666667,"Apocalathium"
"EMB262_13_8_MUC",1993,"Pericrocotus brevirostris",0,4690942.25666667,"Pericrocotus brevirostris"
"EMB262_13_8_MUC",1993,"Peridinium",0,4690942.25666667,"Apocalathium"
"EMB262_13_8_MUC",1993,"Peridinium balticum",0,4690942.25666667,"Apocalathium"
"EMB262_13_8_MUC",1993,"Peridinium bipes",0,4690942.25666667,"Apocalathium"
"EMB262_13_8_MUC",1993,"Peridinium hangoei",0,4690942.25666667,"Apocalathium"
"EMB262_13_8_MUC",1993,"SCRIPPSIELLA",3628,4690942.25666667,"Apocalathium"
"EMB262_13_8_MUC",1993,"SKELETONEMA",0,4690942.25666667,"Skeletonema"
"EMB262_13_8_MUC",1993,"Scrippsiella",0,4690942.25666667,"Apocalathium"
"EMB262_13_8_MUC",1993,"Scrippsiella hangoei",35673.3333333333,4690942.25666667,"Apocalathium"
"EMB262_13_8_MUC",1993,"Scrippsiella trochoidea",0,4690942.25666667,"Apocalathium"
"EMB262_13_8_MUC",1993,"Skeletonema",0,4690942.25666667,"Skeletonema"
"EMB262_13_8_MUC",1993,"Skeletonema costatum",1720978.4,4690942.25666667,"Skeletonema"
"EMB262_13_8_MUC",1993,"Skeletonema marinoi",0,4690942.25666667,"Skeletonema"
"EMB262_13_8_MUC",1993,"Skeletonema subsalsum",0,4690942.25666667,"Skeletonema"
"EMB262_13_8_MUC",1994,"Apocalathium malmogiense",0,4042537.8255,"Apocalathium"
"EMB262_13_8_MUC",1994,"PERIDINIUM",0,4042537.8255,"Apocalathium"
"EMB262_13_8_MUC",1994,"Pericrocotus brevirostris",0,4042537.8255,"Pericrocotus brevirostris"
"EMB262_13_8_MUC",1994,"Peridinium",0,4042537.8255,"Apocalathium"
"EMB262_13_8_MUC",1994,"Peridinium balticum",0,4042537.8255,"Apocalathium"
"EMB262_13_8_MUC",1994,"Peridinium bipes",0,4042537.8255,"Apocalathium"
"EMB262_13_8_MUC",1994,"Peridinium hangoei",13400,4042537.8255,"Apocalathium"
"EMB262_13_8_MUC",1994,"SCRIPPSIELLA",0,4042537.8255,"Apocalathium"
"EMB262_13_8_MUC",1994,"SKELETONEMA",0,4042537.8255,"Skeletonema"
"EMB262_13_8_MUC",1994,"Scrippsiella",0,4042537.8255,"Apocalathium"
"EMB262_13_8_MUC",1994,"Scrippsiella hangoei",151787.142857143,4042537.8255,"Apocalathium"
"EMB262_13_8_MUC",1994,"Scrippsiella trochoidea",0,4042537.8255,"Apocalathium"
"EMB262_13_8_MUC",1994,"Skeletonema",0,4042537.8255,"Skeletonema"
"EMB262_13_8_MUC",1994,"Skeletonema costatum",1803672,4042537.8255,"Skeletonema"
"EMB262_13_8_MUC",1994,"Skeletonema marinoi",0,4042537.8255,"Skeletonema"
"EMB262_13_8_MUC",1994,"Skeletonema subsalsum",0,4042537.8255,"Skeletonema"
"EMB262_13_8_MUC",1995,"Apocalathium malmogiense",0,2125663.95179167,"Apocalathium"
"EMB262_13_8_MUC",1995,"PERIDINIUM",0,2125663.95179167,"Apocalathium"
"EMB262_13_8_MUC",1995,"Pericrocotus brevirostris",0,2125663.95179167,"Pericrocotus brevirostris"
"EMB262_13_8_MUC",1995,"Peridinium",0,2125663.95179167,"Apocalathium"
"EMB262_13_8_MUC",1995,"Peridinium balticum",0,2125663.95179167,"Apocalathium"
"EMB262_13_8_MUC",1995,"Peridinium bipes",0,2125663.95179167,"Apocalathium"
"EMB262_13_8_MUC",1995,"Peridinium hangoei",4400,2125663.95179167,"Apocalathium"
"EMB262_13_8_MUC",1995,"SCRIPPSIELLA",0,2125663.95179167,"Apocalathium"
"EMB262_13_8_MUC",1995,"SKELETONEMA",0,2125663.95179167,"Skeletonema"
"EMB262_13_8_MUC",1995,"Scrippsiella",0,2125663.95179167,"Apocalathium"
"EMB262_13_8_MUC",1995,"Scrippsiella hangoei",100406.166666667,2125663.95179167,"Apocalathium"
"EMB262_13_8_MUC",1995,"Scrippsiella trochoidea",0,2125663.95179167,"Apocalathium"
"EMB262_13_8_MUC",1995,"Skeletonema",0,2125663.95179167,"Skeletonema"
"EMB262_13_8_MUC",1995,"Skeletonema costatum",1074761.73333333,2125663.95179167,"Skeletonema"
"EMB262_13_8_MUC",1995,"Skeletonema marinoi",0,2125663.95179167,"Skeletonema"
"EMB262_13_8_MUC",1995,"Skeletonema subsalsum",0,2125663.95179167,"Skeletonema"
"EMB262_13_8_MUC",1997,"Apocalathium malmogiense",0,5548641.45048571,"Apocalathium"
"EMB262_13_8_MUC",1997,"PERIDINIUM",0,5548641.45048571,"Apocalathium"
"EMB262_13_8_MUC",1997,"Pericrocotus brevirostris",0,5548641.45048571,"Pericrocotus brevirostris"
"EMB262_13_8_MUC",1997,"Peridinium",0,5548641.45048571,"Apocalathium"
"EMB262_13_8_MUC",1997,"Peridinium balticum",0,5548641.45048571,"Apocalathium"
"EMB262_13_8_MUC",1997,"Peridinium bipes",0,5548641.45048571,"Apocalathium"
"EMB262_13_8_MUC",1997,"Peridinium hangoei",0,5548641.45048571,"Apocalathium"
"EMB262_13_8_MUC",1997,"SCRIPPSIELLA",0,5548641.45048571,"Apocalathium"
"EMB262_13_8_MUC",1997,"SKELETONEMA",0,5548641.45048571,"Skeletonema"
"EMB262_13_8_MUC",1997,"Scrippsiella",0,5548641.45048571,"Apocalathium"
"EMB262_13_8_MUC",1997,"Scrippsiella hangoei",27021.4285714286,5548641.45048571,"Apocalathium"
"EMB262_13_8_MUC",1997,"Scrippsiella trochoidea",0,5548641.45048571,"Apocalathium"
"EMB262_13_8_MUC",1997,"Skeletonema",0,5548641.45048571,"Skeletonema"
"EMB262_13_8_MUC",1997,"Skeletonema costatum",216804,5548641.45048571,"Skeletonema"
"EMB262_13_8_MUC",1997,"Skeletonema marinoi",0,5548641.45048571,"Skeletonema"
"EMB262_13_8_MUC",1997,"Skeletonema subsalsum",0,5548641.45048571,"Skeletonema"
"EMB262_13_8_MUC",1998,"Apocalathium malmogiense",0,10523546.4144167,"Apocalathium"
"EMB262_13_8_MUC",1998,"PERIDINIUM",0,10523546.4144167,"Apocalathium"
"EMB262_13_8_MUC",1998,"Pericrocotus brevirostris",0,10523546.4144167,"Pericrocotus brevirostris"
"EMB262_13_8_MUC",1998,"Peridinium",0,10523546.4144167,"Apocalathium"
"EMB262_13_8_MUC",1998,"Peridinium balticum",0,10523546.4144167,"Apocalathium"
"EMB262_13_8_MUC",1998,"Peridinium bipes",0,10523546.4144167,"Apocalathium"
"EMB262_13_8_MUC",1998,"Peridinium hangoei",0,10523546.4144167,"Apocalathium"
"EMB262_13_8_MUC",1998,"SCRIPPSIELLA",0,10523546.4144167,"Apocalathium"
"EMB262_13_8_MUC",1998,"SKELETONEMA",0,10523546.4144167,"Skeletonema"
"EMB262_13_8_MUC",1998,"Scrippsiella",0,10523546.4144167,"Apocalathium"
"EMB262_13_8_MUC",1998,"Scrippsiella hangoei",68725.8333333333,10523546.4144167,"Apocalathium"
"EMB262_13_8_MUC",1998,"Scrippsiella trochoidea",0,10523546.4144167,"Apocalathium"
"EMB262_13_8_MUC",1998,"Skeletonema",0,10523546.4144167,"Skeletonema"
"EMB262_13_8_MUC",1998,"Skeletonema costatum",604170,10523546.4144167,"Skeletonema"
"EMB262_13_8_MUC",1998,"Skeletonema marinoi",0,10523546.4144167,"Skeletonema"
"EMB262_13_8_MUC",1998,"Skeletonema subsalsum",0,10523546.4144167,"Skeletonema"
"EMB262_13_8_MUC",1999,"Apocalathium malmogiense",0,8514157.67,"Apocalathium"
"EMB262_13_8_MUC",1999,"PERIDINIUM",0,8514157.67,"Apocalathium"
"EMB262_13_8_MUC",1999,"Pericrocotus brevirostris",0,8514157.67,"Pericrocotus brevirostris"
"EMB262_13_8_MUC",1999,"Peridinium",0,8514157.67,"Apocalathium"
"EMB262_13_8_MUC",1999,"Peridinium balticum",0,8514157.67,"Apocalathium"
"EMB262_13_8_MUC",1999,"Peridinium bipes",0,8514157.67,"Apocalathium"
"EMB262_13_8_MUC",1999,"Peridinium hangoei",0,8514157.67,"Apocalathium"
"EMB262_13_8_MUC",1999,"SCRIPPSIELLA",0,8514157.67,"Apocalathium"
"EMB262_13_8_MUC",1999,"SKELETONEMA",0,8514157.67,"Skeletonema"
"EMB262_13_8_MUC",1999,"Scrippsiella",0,8514157.67,"Apocalathium"
"EMB262_13_8_MUC",1999,"Scrippsiella hangoei",81530,8514157.67,"Apocalathium"
"EMB262_13_8_MUC",1999,"Scrippsiella trochoidea",0,8514157.67,"Apocalathium"
"EMB262_13_8_MUC",1999,"Skeletonema",0,8514157.67,"Skeletonema"
"EMB262_13_8_MUC",1999,"Skeletonema costatum",216457.5,8514157.67,"Skeletonema"
"EMB262_13_8_MUC",1999,"Skeletonema marinoi",0,8514157.67,"Skeletonema"
"EMB262_13_8_MUC",1999,"Skeletonema subsalsum",0,8514157.67,"Skeletonema"
"EMB262_13_8_MUC",2000,"Apocalathium malmogiense",0,5949877.45,"Apocalathium"
"EMB262_13_8_MUC",2000,"PERIDINIUM",0,5949877.45,"Apocalathium"
"EMB262_13_8_MUC",2000,"Pericrocotus brevirostris",0,5949877.45,"Pericrocotus brevirostris"
"EMB262_13_8_MUC",2000,"Peridinium",0,5949877.45,"Apocalathium"
"EMB262_13_8_MUC",2000,"Peridinium balticum",0,5949877.45,"Apocalathium"
"EMB262_13_8_MUC",2000,"Peridinium bipes",0,5949877.45,"Apocalathium"
"EMB262_13_8_MUC",2000,"Peridinium hangoei",0,5949877.45,"Apocalathium"
"EMB262_13_8_MUC",2000,"SCRIPPSIELLA",0,5949877.45,"Apocalathium"
"EMB262_13_8_MUC",2000,"SKELETONEMA",0,5949877.45,"Skeletonema"
"EMB262_13_8_MUC",2000,"Scrippsiella",0,5949877.45,"Apocalathium"
"EMB262_13_8_MUC",2000,"Scrippsiella hangoei",142215.208333333,5949877.45,"Apocalathium"
"EMB262_13_8_MUC",2000,"Scrippsiella trochoidea",0,5949877.45,"Apocalathium"
"EMB262_13_8_MUC",2000,"Skeletonema",0,5949877.45,"Skeletonema"
"EMB262_13_8_MUC",2000,"Skeletonema costatum",414722,5949877.45,"Skeletonema"
"EMB262_13_8_MUC",2000,"Skeletonema marinoi",0,5949877.45,"Skeletonema"
"EMB262_13_8_MUC",2000,"Skeletonema subsalsum",0,5949877.45,"Skeletonema"
"EMB262_13_8_MUC",2001,"Apocalathium malmogiense",0,5606124.44225,"Apocalathium"
"EMB262_13_8_MUC",2001,"PERIDINIUM",0,5606124.44225,"Apocalathium"
"EMB262_13_8_MUC",2001,"Pericrocotus brevirostris",0,5606124.44225,"Pericrocotus brevirostris"
"EMB262_13_8_MUC",2001,"Peridinium",0,5606124.44225,"Apocalathium"
"EMB262_13_8_MUC",2001,"Peridinium balticum",0,5606124.44225,"Apocalathium"
"EMB262_13_8_MUC",2001,"Peridinium bipes",0,5606124.44225,"Apocalathium"
"EMB262_13_8_MUC",2001,"Peridinium hangoei",0,5606124.44225,"Apocalathium"
"EMB262_13_8_MUC",2001,"SCRIPPSIELLA",0,5606124.44225,"Apocalathium"
"EMB262_13_8_MUC",2001,"SKELETONEMA",0,5606124.44225,"Skeletonema"
"EMB262_13_8_MUC",2001,"Scrippsiella",0,5606124.44225,"Apocalathium"
"EMB262_13_8_MUC",2001,"Scrippsiella hangoei",168912.9,5606124.44225,"Apocalathium"
"EMB262_13_8_MUC",2001,"Scrippsiella trochoidea",0,5606124.44225,"Apocalathium"
"EMB262_13_8_MUC",2001,"Skeletonema",0,5606124.44225,"Skeletonema"
"EMB262_13_8_MUC",2001,"Skeletonema costatum",890410.096,5606124.44225,"Skeletonema"
"EMB262_13_8_MUC",2001,"Skeletonema marinoi",0,5606124.44225,"Skeletonema"
"EMB262_13_8_MUC",2001,"Skeletonema subsalsum",0,5606124.44225,"Skeletonema"
"EMB262_13_8_MUC",2003,"Apocalathium malmogiense",0,3604383.75566071,"Apocalathium"
"EMB262_13_8_MUC",2003,"PERIDINIUM",0,3604383.75566071,"Apocalathium"
"EMB262_13_8_MUC",2003,"Pericrocotus brevirostris",0,3604383.75566071,"Pericrocotus brevirostris"
"EMB262_13_8_MUC",2003,"Peridinium",0,3604383.75566071,"Apocalathium"
"EMB262_13_8_MUC",2003,"Peridinium balticum",0,3604383.75566071,"Apocalathium"
"EMB262_13_8_MUC",2003,"Peridinium bipes",0,3604383.75566071,"Apocalathium"
"EMB262_13_8_MUC",2003,"Peridinium hangoei",0,3604383.75566071,"Apocalathium"
"EMB262_13_8_MUC",2003,"SCRIPPSIELLA",0,3604383.75566071,"Apocalathium"
"EMB262_13_8_MUC",2003,"SKELETONEMA",0,3604383.75566071,"Skeletonema"
"EMB262_13_8_MUC",2003,"Scrippsiella",0,3604383.75566071,"Apocalathium"
"EMB262_13_8_MUC",2003,"Scrippsiella hangoei",119008.571428571,3604383.75566071,"Apocalathium"
"EMB262_13_8_MUC",2003,"Scrippsiella trochoidea",0,3604383.75566071,"Apocalathium"
"EMB262_13_8_MUC",2003,"Skeletonema",0,3604383.75566071,"Skeletonema"
"EMB262_13_8_MUC",2003,"Skeletonema costatum",142945.488,3604383.75566071,"Skeletonema"
"EMB262_13_8_MUC",2003,"Skeletonema marinoi",0,3604383.75566071,"Skeletonema"
"EMB262_13_8_MUC",2003,"Skeletonema subsalsum",0,3604383.75566071,"Skeletonema"
"EMB262_13_8_MUC",2004,"Apocalathium malmogiense",0,4858769.00615714,"Apocalathium"
"EMB262_13_8_MUC",2004,"PERIDINIUM",0,4858769.00615714,"Apocalathium"
"EMB262_13_8_MUC",2004,"Pericrocotus brevirostris",0,4858769.00615714,"Pericrocotus brevirostris"
"EMB262_13_8_MUC",2004,"Peridinium",0,4858769.00615714,"Apocalathium"
"EMB262_13_8_MUC",2004,"Peridinium balticum",0,4858769.00615714,"Apocalathium"
"EMB262_13_8_MUC",2004,"Peridinium bipes",0,4858769.00615714,"Apocalathium"
"EMB262_13_8_MUC",2004,"Peridinium hangoei",0,4858769.00615714,"Apocalathium"
"EMB262_13_8_MUC",2004,"SCRIPPSIELLA",0,4858769.00615714,"Apocalathium"
"EMB262_13_8_MUC",2004,"SKELETONEMA",0,4858769.00615714,"Skeletonema"
"EMB262_13_8_MUC",2004,"Scrippsiella",0,4858769.00615714,"Apocalathium"
"EMB262_13_8_MUC",2004,"Scrippsiella hangoei",30037.3333333333,4858769.00615714,"Apocalathium"
"EMB262_13_8_MUC",2004,"Scrippsiella trochoidea",0,4858769.00615714,"Apocalathium"
"EMB262_13_8_MUC",2004,"Skeletonema",0,4858769.00615714,"Skeletonema"
"EMB262_13_8_MUC",2004,"Skeletonema costatum",112227.6596,4858769.00615714,"Skeletonema"
"EMB262_13_8_MUC",2004,"Skeletonema marinoi",0,4858769.00615714,"Skeletonema"
"EMB262_13_8_MUC",2004,"Skeletonema subsalsum",0,4858769.00615714,"Skeletonema"
"EMB262_13_8_MUC",2008,"Apocalathium malmogiense",0,25255102.7215873,"Apocalathium"
"EMB262_13_8_MUC",2008,"PERIDINIUM",0,25255102.7215873,"Apocalathium"
"EMB262_13_8_MUC",2008,"Pericrocotus brevirostris",0,25255102.7215873,"Pericrocotus brevirostris"
"EMB262_13_8_MUC",2008,"Peridinium",0,25255102.7215873,"Apocalathium"
"EMB262_13_8_MUC",2008,"Peridinium balticum",0,25255102.7215873,"Apocalathium"
"EMB262_13_8_MUC",2008,"Peridinium bipes",0,25255102.7215873,"Apocalathium"
"EMB262_13_8_MUC",2008,"Peridinium hangoei",0,25255102.7215873,"Apocalathium"
"EMB262_13_8_MUC",2008,"SCRIPPSIELLA",0,25255102.7215873,"Apocalathium"
"EMB262_13_8_MUC",2008,"SKELETONEMA",0,25255102.7215873,"Skeletonema"
"EMB262_13_8_MUC",2008,"Scrippsiella",1840,25255102.7215873,"Apocalathium"
"EMB262_13_8_MUC",2008,"Scrippsiella hangoei",0,25255102.7215873,"Apocalathium"
"EMB262_13_8_MUC",2008,"Scrippsiella trochoidea",0,25255102.7215873,"Apocalathium"
"EMB262_13_8_MUC",2008,"Skeletonema",0,25255102.7215873,"Skeletonema"
"EMB262_13_8_MUC",2008,"Skeletonema costatum",688806.239428571,25255102.7215873,"Skeletonema"
"EMB262_13_8_MUC",2008,"Skeletonema marinoi",22663,25255102.7215873,"Skeletonema"
"EMB262_13_8_MUC",2008,"Skeletonema subsalsum",0,25255102.7215873,"Skeletonema"
"EMB262_13_8_MUC",2009,"Apocalathium malmogiense",0,13349282.824432,"Apocalathium"
"EMB262_13_8_MUC",2009,"PERIDINIUM",0,13349282.824432,"Apocalathium"
"EMB262_13_8_MUC",2009,"Pericrocotus brevirostris",0,13349282.824432,"Pericrocotus brevirostris"
"EMB262_13_8_MUC",2009,"Peridinium",0,13349282.824432,"Apocalathium"
"EMB262_13_8_MUC",2009,"Peridinium balticum",0,13349282.824432,"Apocalathium"
"EMB262_13_8_MUC",2009,"Peridinium bipes",0,13349282.824432,"Apocalathium"
"EMB262_13_8_MUC",2009,"Peridinium hangoei",0,13349282.824432,"Apocalathium"
"EMB262_13_8_MUC",2009,"SCRIPPSIELLA",0,13349282.824432,"Apocalathium"
"EMB262_13_8_MUC",2009,"SKELETONEMA",0,13349282.824432,"Skeletonema"
"EMB262_13_8_MUC",2009,"Scrippsiella",0,13349282.824432,"Apocalathium"
"EMB262_13_8_MUC",2009,"Scrippsiella hangoei",0,13349282.824432,"Apocalathium"
"EMB262_13_8_MUC",2009,"Scrippsiella trochoidea",0,13349282.824432,"Apocalathium"
"EMB262_13_8_MUC",2009,"Skeletonema",0,13349282.824432,"Skeletonema"
"EMB262_13_8_MUC",2009,"Skeletonema costatum",1064947.7224,13349282.824432,"Skeletonema"
"EMB262_13_8_MUC",2009,"Skeletonema marinoi",0,13349282.824432,"Skeletonema"
"EMB262_13_8_MUC",2009,"Skeletonema subsalsum",0,13349282.824432,"Skeletonema"
"EMB262_13_8_MUC",2010,"Apocalathium malmogiense",0,13690695.3333333,"Apocalathium"
"EMB262_13_8_MUC",2010,"PERIDINIUM",0,13690695.3333333,"Apocalathium"
"EMB262_13_8_MUC",2010,"Pericrocotus brevirostris",0,13690695.3333333,"Pericrocotus brevirostris"
"EMB262_13_8_MUC",2010,"Peridinium",0,13690695.3333333,"Apocalathium"
"EMB262_13_8_MUC",2010,"Peridinium balticum",0,13690695.3333333,"Apocalathium"
"EMB262_13_8_MUC",2010,"Peridinium bipes",0,13690695.3333333,"Apocalathium"
"EMB262_13_8_MUC",2010,"Peridinium hangoei",0,13690695.3333333,"Apocalathium"
"EMB262_13_8_MUC",2010,"SCRIPPSIELLA",0,13690695.3333333,"Apocalathium"
"EMB262_13_8_MUC",2010,"SKELETONEMA",0,13690695.3333333,"Skeletonema"
"EMB262_13_8_MUC",2010,"Scrippsiella",105423.75,13690695.3333333,"Apocalathium"
"EMB262_13_8_MUC",2010,"Scrippsiella hangoei",0,13690695.3333333,"Apocalathium"
"EMB262_13_8_MUC",2010,"Scrippsiella trochoidea",0,13690695.3333333,"Apocalathium"
"EMB262_13_8_MUC",2010,"Skeletonema",0,13690695.3333333,"Skeletonema"
"EMB262_13_8_MUC",2010,"Skeletonema costatum",0,13690695.3333333,"Skeletonema"
"EMB262_13_8_MUC",2010,"Skeletonema marinoi",978943.222222222,13690695.3333333,"Skeletonema"
"EMB262_13_8_MUC",2010,"Skeletonema subsalsum",0,13690695.3333333,"Skeletonema"
"EMB262_13_8_MUC",2011,"Apocalathium malmogiense",0,356190213.848424,"Apocalathium"
"EMB262_13_8_MUC",2011,"PERIDINIUM",0,356190213.848424,"Apocalathium"
"EMB262_13_8_MUC",2011,"Pericrocotus brevirostris",0,356190213.848424,"Pericrocotus brevirostris"
"EMB262_13_8_MUC",2011,"Peridinium",0,356190213.848424,"Apocalathium"
"EMB262_13_8_MUC",2011,"Peridinium balticum",0,356190213.848424,"Apocalathium"
"EMB262_13_8_MUC",2011,"Peridinium bipes",0,356190213.848424,"Apocalathium"
"EMB262_13_8_MUC",2011,"Peridinium hangoei",0,356190213.848424,"Apocalathium"
"EMB262_13_8_MUC",2011,"SCRIPPSIELLA",0,356190213.848424,"Apocalathium"
"EMB262_13_8_MUC",2011,"SKELETONEMA",0,356190213.848424,"Skeletonema"
"EMB262_13_8_MUC",2011,"Scrippsiella",66412.7142857143,356190213.848424,"Apocalathium"
"EMB262_13_8_MUC",2011,"Scrippsiella hangoei",0,356190213.848424,"Apocalathium"
"EMB262_13_8_MUC",2011,"Scrippsiella trochoidea",0,356190213.848424,"Apocalathium"
"EMB262_13_8_MUC",2011,"Skeletonema",0,356190213.848424,"Skeletonema"
"EMB262_13_8_MUC",2011,"Skeletonema costatum",0,356190213.848424,"Skeletonema"
"EMB262_13_8_MUC",2011,"Skeletonema marinoi",2486600.1242,356190213.848424,"Skeletonema"
"EMB262_13_8_MUC",2011,"Skeletonema subsalsum",0,356190213.848424,"Skeletonema"
"EMB262_13_8_MUC",2012,"Apocalathium malmogiense",0,6628954.84377667,"Apocalathium"
"EMB262_13_8_MUC",2012,"PERIDINIUM",0,6628954.84377667,"Apocalathium"
"EMB262_13_8_MUC",2012,"Pericrocotus brevirostris",0,6628954.84377667,"Pericrocotus brevirostris"
"EMB262_13_8_MUC",2012,"Peridinium",0,6628954.84377667,"Apocalathium"
"EMB262_13_8_MUC",2012,"Peridinium balticum",0,6628954.84377667,"Apocalathium"
"EMB262_13_8_MUC",2012,"Peridinium bipes",0,6628954.84377667,"Apocalathium"
"EMB262_13_8_MUC",2012,"Peridinium hangoei",0,6628954.84377667,"Apocalathium"
"EMB262_13_8_MUC",2012,"SCRIPPSIELLA",0,6628954.84377667,"Apocalathium"
"EMB262_13_8_MUC",2012,"SKELETONEMA",0,6628954.84377667,"Skeletonema"
"EMB262_13_8_MUC",2012,"Scrippsiella",109542.25,6628954.84377667,"Apocalathium"
"EMB262_13_8_MUC",2012,"Scrippsiella hangoei",0,6628954.84377667,"Apocalathium"
"EMB262_13_8_MUC",2012,"Scrippsiella trochoidea",0,6628954.84377667,"Apocalathium"
"EMB262_13_8_MUC",2012,"Skeletonema",0,6628954.84377667,"Skeletonema"
"EMB262_13_8_MUC",2012,"Skeletonema costatum",371,6628954.84377667,"Skeletonema"
"EMB262_13_8_MUC",2012,"Skeletonema marinoi",113094.844,6628954.84377667,"Skeletonema"
"EMB262_13_8_MUC",2012,"Skeletonema subsalsum",0,6628954.84377667,"Skeletonema"
"EMB262_13_8_MUC",2013,"Apocalathium malmogiense",0,19736881.4388889,"Apocalathium"
"EMB262_13_8_MUC",2013,"PERIDINIUM",0,19736881.4388889,"Apocalathium"
"EMB262_13_8_MUC",2013,"Pericrocotus brevirostris",0,19736881.4388889,"Pericrocotus brevirostris"
"EMB262_13_8_MUC",2013,"Peridinium",0,19736881.4388889,"Apocalathium"
"EMB262_13_8_MUC",2013,"Peridinium balticum",0,19736881.4388889,"Apocalathium"
"EMB262_13_8_MUC",2013,"Peridinium bipes",0,19736881.4388889,"Apocalathium"
"EMB262_13_8_MUC",2013,"Peridinium hangoei",0,19736881.4388889,"Apocalathium"
"EMB262_13_8_MUC",2013,"SCRIPPSIELLA",0,19736881.4388889,"Apocalathium"
"EMB262_13_8_MUC",2013,"SKELETONEMA",0,19736881.4388889,"Skeletonema"
"EMB262_13_8_MUC",2013,"Scrippsiella",93609,19736881.4388889,"Apocalathium"
"EMB262_13_8_MUC",2013,"Scrippsiella hangoei",0,19736881.4388889,"Apocalathium"
"EMB262_13_8_MUC",2013,"Scrippsiella trochoidea",0,19736881.4388889,"Apocalathium"
"EMB262_13_8_MUC",2013,"Skeletonema",0,19736881.4388889,"Skeletonema"
"EMB262_13_8_MUC",2013,"Skeletonema costatum",0,19736881.4388889,"Skeletonema"
"EMB262_13_8_MUC",2013,"Skeletonema marinoi",1262817.20833333,19736881.4388889,"Skeletonema"
"EMB262_13_8_MUC",2013,"Skeletonema subsalsum",0,19736881.4388889,"Skeletonema"
"EMB262_13_8_MUC",2014,"Apocalathium malmogiense",0,20830527.80414,"Apocalathium"
"EMB262_13_8_MUC",2014,"PERIDINIUM",0,20830527.80414,"Apocalathium"
"EMB262_13_8_MUC",2014,"Pericrocotus brevirostris",0,20830527.80414,"Pericrocotus brevirostris"
"EMB262_13_8_MUC",2014,"Peridinium",0,20830527.80414,"Apocalathium"
"EMB262_13_8_MUC",2014,"Peridinium balticum",0,20830527.80414,"Apocalathium"
"EMB262_13_8_MUC",2014,"Peridinium bipes",0,20830527.80414,"Apocalathium"
"EMB262_13_8_MUC",2014,"Peridinium hangoei",0,20830527.80414,"Apocalathium"
"EMB262_13_8_MUC",2014,"SCRIPPSIELLA",0,20830527.80414,"Apocalathium"
"EMB262_13_8_MUC",2014,"SKELETONEMA",0,20830527.80414,"Skeletonema"
"EMB262_13_8_MUC",2014,"Scrippsiella",108704.027777778,20830527.80414,"Apocalathium"
"EMB262_13_8_MUC",2014,"Scrippsiella hangoei",0,20830527.80414,"Apocalathium"
"EMB262_13_8_MUC",2014,"Scrippsiella trochoidea",0,20830527.80414,"Apocalathium"
"EMB262_13_8_MUC",2014,"Skeletonema",0,20830527.80414,"Skeletonema"
"EMB262_13_8_MUC",2014,"Skeletonema costatum",0,20830527.80414,"Skeletonema"
"EMB262_13_8_MUC",2014,"Skeletonema marinoi",946870.19,20830527.80414,"Skeletonema"
"EMB262_13_8_MUC",2014,"Skeletonema subsalsum",0,20830527.80414,"Skeletonema"
"EMB262_13_8_MUC",2015,"Apocalathium malmogiense",0,8952586.68454286,"Apocalathium"
"EMB262_13_8_MUC",2015,"PERIDINIUM",0,8952586.68454286,"Apocalathium"
"EMB262_13_8_MUC",2015,"Pericrocotus brevirostris",0,8952586.68454286,"Pericrocotus brevirostris"
"EMB262_13_8_MUC",2015,"Peridinium",0,8952586.68454286,"Apocalathium"
"EMB262_13_8_MUC",2015,"Peridinium balticum",0,8952586.68454286,"Apocalathium"
"EMB262_13_8_MUC",2015,"Peridinium bipes",0,8952586.68454286,"Apocalathium"
"EMB262_13_8_MUC",2015,"Peridinium hangoei",0,8952586.68454286,"Apocalathium"
"EMB262_13_8_MUC",2015,"SCRIPPSIELLA",0,8952586.68454286,"Apocalathium"
"EMB262_13_8_MUC",2015,"SKELETONEMA",0,8952586.68454286,"Skeletonema"
"EMB262_13_8_MUC",2015,"Scrippsiella",139700.75,8952586.68454286,"Apocalathium"
"EMB262_13_8_MUC",2015,"Scrippsiella hangoei",0,8952586.68454286,"Apocalathium"
"EMB262_13_8_MUC",2015,"Scrippsiella trochoidea",0,8952586.68454286,"Apocalathium"
"EMB262_13_8_MUC",2015,"Skeletonema",0,8952586.68454286,"Skeletonema"
"EMB262_13_8_MUC",2015,"Skeletonema costatum",0,8952586.68454286,"Skeletonema"
"EMB262_13_8_MUC",2015,"Skeletonema marinoi",540482.704285714,8952586.68454286,"Skeletonema"
"EMB262_13_8_MUC",2015,"Skeletonema subsalsum",0,8952586.68454286,"Skeletonema"
"EMB262_13_8_MUC",2016,"Apocalathium malmogiense",0,20376154.36289,"Apocalathium"
"EMB262_13_8_MUC",2016,"PERIDINIUM",0,20376154.36289,"Apocalathium"
"EMB262_13_8_MUC",2016,"Pericrocotus brevirostris",0,20376154.36289,"Pericrocotus brevirostris"
"EMB262_13_8_MUC",2016,"Peridinium",0,20376154.36289,"Apocalathium"
"EMB262_13_8_MUC",2016,"Peridinium balticum",0,20376154.36289,"Apocalathium"
"EMB262_13_8_MUC",2016,"Peridinium bipes",0,20376154.36289,"Apocalathium"
"EMB262_13_8_MUC",2016,"Peridinium hangoei",0,20376154.36289,"Apocalathium"
"EMB262_13_8_MUC",2016,"SCRIPPSIELLA",0,20376154.36289,"Apocalathium"
"EMB262_13_8_MUC",2016,"SKELETONEMA",0,20376154.36289,"Skeletonema"
"EMB262_13_8_MUC",2016,"Scrippsiella",189171.833333333,20376154.36289,"Apocalathium"
"EMB262_13_8_MUC",2016,"Scrippsiella hangoei",0,20376154.36289,"Apocalathium"
"EMB262_13_8_MUC",2016,"Scrippsiella trochoidea",0,20376154.36289,"Apocalathium"
"EMB262_13_8_MUC",2016,"Skeletonema",11274,20376154.36289,"Skeletonema"
"EMB262_13_8_MUC",2016,"Skeletonema costatum",0,20376154.36289,"Skeletonema"
"EMB262_13_8_MUC",2016,"Skeletonema marinoi",18247.67,20376154.36289,"Skeletonema"
"EMB262_13_8_MUC",2016,"Skeletonema subsalsum",0,20376154.36289,"Skeletonema"
"EMB262_13_8_MUC",2017,"Apocalathium malmogiense",0,11971197.3377143,"Apocalathium"
"EMB262_13_8_MUC",2017,"PERIDINIUM",0,11971197.3377143,"Apocalathium"
"EMB262_13_8_MUC",2017,"Pericrocotus brevirostris",0,11971197.3377143,"Pericrocotus brevirostris"
"EMB262_13_8_MUC",2017,"Peridinium",0,11971197.3377143,"Apocalathium"
"EMB262_13_8_MUC",2017,"Peridinium balticum",0,11971197.3377143,"Apocalathium"
"EMB262_13_8_MUC",2017,"Peridinium bipes",0,11971197.3377143,"Apocalathium"
"EMB262_13_8_MUC",2017,"Peridinium hangoei",0,11971197.3377143,"Apocalathium"
"EMB262_13_8_MUC",2017,"SCRIPPSIELLA",0,11971197.3377143,"Apocalathium"
"EMB262_13_8_MUC",2017,"SKELETONEMA",0,11971197.3377143,"Skeletonema"
"EMB262_13_8_MUC",2017,"Scrippsiella",20307.7333333333,11971197.3377143,"Apocalathium"
"EMB262_13_8_MUC",2017,"Scrippsiella hangoei",0,11971197.3377143,"Apocalathium"
"EMB262_13_8_MUC",2017,"Scrippsiella trochoidea",0,11971197.3377143,"Apocalathium"
"EMB262_13_8_MUC",2017,"Skeletonema",0,11971197.3377143,"Skeletonema"
"EMB262_13_8_MUC",2017,"Skeletonema costatum",0,11971197.3377143,"Skeletonema"
"EMB262_13_8_MUC",2017,"Skeletonema marinoi",2264857.85047619,11971197.3377143,"Skeletonema"
"EMB262_13_8_MUC",2017,"Skeletonema subsalsum",0,11971197.3377143,"Skeletonema"
"EMB262_13_8_MUC",2018,"Apocalathium malmogiense",0,485996277.322571,"Apocalathium"
"EMB262_13_8_MUC",2018,"PERIDINIUM",0,485996277.322571,"Apocalathium"
"EMB262_13_8_MUC",2018,"Pericrocotus brevirostris",0,485996277.322571,"Pericrocotus brevirostris"
"EMB262_13_8_MUC",2018,"Peridinium",0,485996277.322571,"Apocalathium"
"EMB262_13_8_MUC",2018,"Peridinium balticum",0,485996277.322571,"Apocalathium"
"EMB262_13_8_MUC",2018,"Peridinium bipes",0,485996277.322571,"Apocalathium"
"EMB262_13_8_MUC",2018,"Peridinium hangoei",0,485996277.322571,"Apocalathium"
"EMB262_13_8_MUC",2018,"SCRIPPSIELLA",0,485996277.322571,"Apocalathium"
"EMB262_13_8_MUC",2018,"SKELETONEMA",0,485996277.322571,"Skeletonema"
"EMB262_13_8_MUC",2018,"Scrippsiella",53323.9047619048,485996277.322571,"Apocalathium"
"EMB262_13_8_MUC",2018,"Scrippsiella hangoei",0,485996277.322571,"Apocalathium"
"EMB262_13_8_MUC",2018,"Scrippsiella trochoidea",0,485996277.322571,"Apocalathium"
"EMB262_13_8_MUC",2018,"Skeletonema",0,485996277.322571,"Skeletonema"
"EMB262_13_8_MUC",2018,"Skeletonema costatum",0,485996277.322571,"Skeletonema"
"EMB262_13_8_MUC",2018,"Skeletonema marinoi",1225565.17328571,485996277.322571,"Skeletonema"
"EMB262_13_8_MUC",2018,"Skeletonema subsalsum",0,485996277.322571,"Skeletonema"
"EMB262_13_8_MUC",2019,"Apocalathium malmogiense",0,1002963545.83178,"Apocalathium"
"EMB262_13_8_MUC",2019,"PERIDINIUM",0,1002963545.83178,"Apocalathium"
"EMB262_13_8_MUC",2019,"Pericrocotus brevirostris",0,1002963545.83178,"Pericrocotus brevirostris"
"EMB262_13_8_MUC",2019,"Peridinium",0,1002963545.83178,"Apocalathium"
"EMB262_13_8_MUC",2019,"Peridinium balticum",0,1002963545.83178,"Apocalathium"
"EMB262_13_8_MUC",2019,"Peridinium bipes",0,1002963545.83178,"Apocalathium"
"EMB262_13_8_MUC",2019,"Peridinium hangoei",0,1002963545.83178,"Apocalathium"
"EMB262_13_8_MUC",2019,"SCRIPPSIELLA",0,1002963545.83178,"Apocalathium"
"EMB262_13_8_MUC",2019,"SKELETONEMA",0,1002963545.83178,"Skeletonema"
"EMB262_13_8_MUC",2019,"Scrippsiella",50898.35,1002963545.83178,"Apocalathium"
"EMB262_13_8_MUC",2019,"Scrippsiella hangoei",0,1002963545.83178,"Apocalathium"
"EMB262_13_8_MUC",2019,"Scrippsiella trochoidea",0,1002963545.83178,"Apocalathium"
"EMB262_13_8_MUC",2019,"Skeletonema",0,1002963545.83178,"Skeletonema"
"EMB262_13_8_MUC",2019,"Skeletonema costatum",0,1002963545.83178,"Skeletonema"
"EMB262_13_8_MUC",2019,"Skeletonema marinoi",9536857.32277778,1002963545.83178,"Skeletonema"
"EMB262_13_8_MUC",2019,"Skeletonema subsalsum",0,1002963545.83178,"Skeletonema"
"EMB262_13_8_MUC",2020,"Apocalathium malmogiense",4170,883825333.832381,"Apocalathium"
"EMB262_13_8_MUC",2020,"PERIDINIUM",0,883825333.832381,"Apocalathium"
"EMB262_13_8_MUC",2020,"Pericrocotus brevirostris",0,883825333.832381,"Pericrocotus brevirostris"
"EMB262_13_8_MUC",2020,"Peridinium",0,883825333.832381,"Apocalathium"
"EMB262_13_8_MUC",2020,"Peridinium balticum",0,883825333.832381,"Apocalathium"
"EMB262_13_8_MUC",2020,"Peridinium bipes",0,883825333.832381,"Apocalathium"
"EMB262_13_8_MUC",2020,"Peridinium hangoei",0,883825333.832381,"Apocalathium"
"EMB262_13_8_MUC",2020,"SCRIPPSIELLA",0,883825333.832381,"Apocalathium"
"EMB262_13_8_MUC",2020,"SKELETONEMA",0,883825333.832381,"Skeletonema"
"EMB262_13_8_MUC",2020,"Scrippsiella",0,883825333.832381,"Apocalathium"
"EMB262_13_8_MUC",2020,"Scrippsiella hangoei",0,883825333.832381,"Apocalathium"
"EMB262_13_8_MUC",2020,"Scrippsiella trochoidea",0,883825333.832381,"Apocalathium"
"EMB262_13_8_MUC",2020,"Skeletonema",0,883825333.832381,"Skeletonema"
"EMB262_13_8_MUC",2020,"Skeletonema costatum",0,883825333.832381,"Skeletonema"
"EMB262_13_8_MUC",2020,"Skeletonema marinoi",1056879.81911111,883825333.832381,"Skeletonema"
"EMB262_13_8_MUC",2020,"Skeletonema subsalsum",0,883825333.832381,"Skeletonema"
"EMB262_13_8_MUC",2021,"Apocalathium malmogiense",0,406870749.403925,"Apocalathium"
"EMB262_13_8_MUC",2021,"PERIDINIUM",0,406870749.403925,"Apocalathium"
"EMB262_13_8_MUC",2021,"Pericrocotus brevirostris",0,406870749.403925,"Pericrocotus brevirostris"
"EMB262_13_8_MUC",2021,"Peridinium",0,406870749.403925,"Apocalathium"
"EMB262_13_8_MUC",2021,"Peridinium balticum",0,406870749.403925,"Apocalathium"
"EMB262_13_8_MUC",2021,"Peridinium bipes",0,406870749.403925,"Apocalathium"
"EMB262_13_8_MUC",2021,"Peridinium hangoei",0,406870749.403925,"Apocalathium"
"EMB262_13_8_MUC",2021,"SCRIPPSIELLA",0,406870749.403925,"Apocalathium"
"EMB262_13_8_MUC",2021,"SKELETONEMA",0,406870749.403925,"Skeletonema"
"EMB262_13_8_MUC",2021,"Scrippsiella",0,406870749.403925,"Apocalathium"
"EMB262_13_8_MUC",2021,"Scrippsiella hangoei",0,406870749.403925,"Apocalathium"
"EMB262_13_8_MUC",2021,"Scrippsiella trochoidea",0,406870749.403925,"Apocalathium"
"EMB262_13_8_MUC",2021,"Skeletonema",0,406870749.403925,"Skeletonema"
"EMB262_13_8_MUC",2021,"Skeletonema costatum",0,406870749.403925,"Skeletonema"
"EMB262_13_8_MUC",2021,"Skeletonema marinoi",1110291.86222222,406870749.403925,"Skeletonema"
"EMB262_13_8_MUC",2021,"Skeletonema subsalsum",0,406870749.403925,"Skeletonema"
"EMB262_6_28_MUC",1987,"Apocalathium malmogiense",0,22669910,"Apocalathium"
"EMB262_6_28_MUC",1987,"PERIDINIUM",0,22669910,"Apocalathium"
"EMB262_6_28_MUC",1987,"Pericrocotus brevirostris",0,22669910,"Pericrocotus brevirostris"
"EMB262_6_28_MUC",1987,"Peridinium",0,22669910,"Apocalathium"
"EMB262_6_28_MUC",1987,"Peridinium balticum",0,22669910,"Apocalathium"
"EMB262_6_28_MUC",1987,"Peridinium bipes",1814,22669910,"Apocalathium"
"EMB262_6_28_MUC",1987,"Peridinium hangoei",0,22669910,"Apocalathium"
"EMB262_6_28_MUC",1987,"SCRIPPSIELLA",0,22669910,"Apocalathium"
"EMB262_6_28_MUC",1987,"SKELETONEMA",0,22669910,"Skeletonema"
"EMB262_6_28_MUC",1987,"Scrippsiella",0,22669910,"Apocalathium"
"EMB262_6_28_MUC",1987,"Scrippsiella hangoei",0,22669910,"Apocalathium"
"EMB262_6_28_MUC",1987,"Scrippsiella trochoidea",40,22669910,"Apocalathium"
"EMB262_6_28_MUC",1987,"Skeletonema",0,22669910,"Skeletonema"
"EMB262_6_28_MUC",1987,"Skeletonema costatum",125896,22669910,"Skeletonema"
"EMB262_6_28_MUC",1987,"Skeletonema marinoi",0,22669910,"Skeletonema"
"EMB262_6_28_MUC",1987,"Skeletonema subsalsum",0,22669910,"Skeletonema"
"EMB262_6_28_MUC",1988,"Apocalathium malmogiense",0,52235352.8333333,"Apocalathium"
"EMB262_6_28_MUC",1988,"PERIDINIUM",0,52235352.8333333,"Apocalathium"
"EMB262_6_28_MUC",1988,"Pericrocotus brevirostris",0,52235352.8333333,"Pericrocotus brevirostris"
"EMB262_6_28_MUC",1988,"Peridinium",0,52235352.8333333,"Apocalathium"
"EMB262_6_28_MUC",1988,"Peridinium balticum",0,52235352.8333333,"Apocalathium"
"EMB262_6_28_MUC",1988,"Peridinium bipes",0,52235352.8333333,"Apocalathium"
"EMB262_6_28_MUC",1988,"Peridinium hangoei",1360,52235352.8333333,"Apocalathium"
"EMB262_6_28_MUC",1988,"SCRIPPSIELLA",0,52235352.8333333,"Apocalathium"
"EMB262_6_28_MUC",1988,"SKELETONEMA",0,52235352.8333333,"Skeletonema"
"EMB262_6_28_MUC",1988,"Scrippsiella",0,52235352.8333333,"Apocalathium"
"EMB262_6_28_MUC",1988,"Scrippsiella hangoei",0,52235352.8333333,"Apocalathium"
"EMB262_6_28_MUC",1988,"Scrippsiella trochoidea",0,52235352.8333333,"Apocalathium"
"EMB262_6_28_MUC",1988,"Skeletonema",0,52235352.8333333,"Skeletonema"
"EMB262_6_28_MUC",1988,"Skeletonema costatum",294379,52235352.8333333,"Skeletonema"
"EMB262_6_28_MUC",1988,"Skeletonema marinoi",0,52235352.8333333,"Skeletonema"
"EMB262_6_28_MUC",1988,"Skeletonema subsalsum",0,52235352.8333333,"Skeletonema"
"EMB262_6_28_MUC",1989,"Apocalathium malmogiense",0,5759437,"Apocalathium"
"EMB262_6_28_MUC",1989,"PERIDINIUM",0,5759437,"Apocalathium"
"EMB262_6_28_MUC",1989,"Pericrocotus brevirostris",0,5759437,"Pericrocotus brevirostris"
"EMB262_6_28_MUC",1989,"Peridinium",0,5759437,"Apocalathium"
"EMB262_6_28_MUC",1989,"Peridinium balticum",0,5759437,"Apocalathium"
"EMB262_6_28_MUC",1989,"Peridinium bipes",0,5759437,"Apocalathium"
"EMB262_6_28_MUC",1989,"Peridinium hangoei",0,5759437,"Apocalathium"
"EMB262_6_28_MUC",1989,"SCRIPPSIELLA",0,5759437,"Apocalathium"
"EMB262_6_28_MUC",1989,"SKELETONEMA",0,5759437,"Skeletonema"
"EMB262_6_28_MUC",1989,"Scrippsiella",0,5759437,"Apocalathium"
"EMB262_6_28_MUC",1989,"Scrippsiella hangoei",0,5759437,"Apocalathium"
"EMB262_6_28_MUC",1989,"Scrippsiella trochoidea",0,5759437,"Apocalathium"
"EMB262_6_28_MUC",1989,"Skeletonema",0,5759437,"Skeletonema"
"EMB262_6_28_MUC",1989,"Skeletonema costatum",112948,5759437,"Skeletonema"
"EMB262_6_28_MUC",1989,"Skeletonema marinoi",0,5759437,"Skeletonema"
"EMB262_6_28_MUC",1989,"Skeletonema subsalsum",0,5759437,"Skeletonema"
"EMB262_6_28_MUC",1991,"Apocalathium malmogiense",0,3901934,"Apocalathium"
"EMB262_6_28_MUC",1991,"PERIDINIUM",0,3901934,"Apocalathium"
"EMB262_6_28_MUC",1991,"Pericrocotus brevirostris",0,3901934,"Pericrocotus brevirostris"
"EMB262_6_28_MUC",1991,"Peridinium",0,3901934,"Apocalathium"
"EMB262_6_28_MUC",1991,"Peridinium balticum",0,3901934,"Apocalathium"
"EMB262_6_28_MUC",1991,"Peridinium bipes",0,3901934,"Apocalathium"
"EMB262_6_28_MUC",1991,"Peridinium hangoei",0,3901934,"Apocalathium"
"EMB262_6_28_MUC",1991,"SCRIPPSIELLA",0,3901934,"Apocalathium"
"EMB262_6_28_MUC",1991,"SKELETONEMA",0,3901934,"Skeletonema"
"EMB262_6_28_MUC",1991,"Scrippsiella",0,3901934,"Apocalathium"
"EMB262_6_28_MUC",1991,"Scrippsiella hangoei",0,3901934,"Apocalathium"
"EMB262_6_28_MUC",1991,"Scrippsiella trochoidea",0,3901934,"Apocalathium"
"EMB262_6_28_MUC",1991,"Skeletonema",0,3901934,"Skeletonema"
"EMB262_6_28_MUC",1991,"Skeletonema costatum",181303,3901934,"Skeletonema"
"EMB262_6_28_MUC",1991,"Skeletonema marinoi",0,3901934,"Skeletonema"
"EMB262_6_28_MUC",1991,"Skeletonema subsalsum",0,3901934,"Skeletonema"
"EMB262_6_28_MUC",1992,"Apocalathium malmogiense",0,7812628,"Apocalathium"
"EMB262_6_28_MUC",1992,"PERIDINIUM",0,7812628,"Apocalathium"
"EMB262_6_28_MUC",1992,"Pericrocotus brevirostris",280,7812628,"Pericrocotus brevirostris"
"EMB262_6_28_MUC",1992,"Peridinium",0,7812628,"Apocalathium"
"EMB262_6_28_MUC",1992,"Peridinium balticum",0,7812628,"Apocalathium"
"EMB262_6_28_MUC",1992,"Peridinium bipes",0,7812628,"Apocalathium"
"EMB262_6_28_MUC",1992,"Peridinium hangoei",0,7812628,"Apocalathium"
"EMB262_6_28_MUC",1992,"SCRIPPSIELLA",0,7812628,"Apocalathium"
"EMB262_6_28_MUC",1992,"SKELETONEMA",0,7812628,"Skeletonema"
"EMB262_6_28_MUC",1992,"Scrippsiella",0,7812628,"Apocalathium"
"EMB262_6_28_MUC",1992,"Scrippsiella hangoei",0,7812628,"Apocalathium"
"EMB262_6_28_MUC",1992,"Scrippsiella trochoidea",0,7812628,"Apocalathium"
"EMB262_6_28_MUC",1992,"Skeletonema",0,7812628,"Skeletonema"
"EMB262_6_28_MUC",1992,"Skeletonema costatum",488221,7812628,"Skeletonema"
"EMB262_6_28_MUC",1992,"Skeletonema marinoi",0,7812628,"Skeletonema"
"EMB262_6_28_MUC",1992,"Skeletonema subsalsum",0,7812628,"Skeletonema"
"EMB262_6_28_MUC",1994,"Apocalathium malmogiense",0,3770163,"Apocalathium"
"EMB262_6_28_MUC",1994,"PERIDINIUM",0,3770163,"Apocalathium"
"EMB262_6_28_MUC",1994,"Pericrocotus brevirostris",0,3770163,"Pericrocotus brevirostris"
"EMB262_6_28_MUC",1994,"Peridinium",0,3770163,"Apocalathium"
"EMB262_6_28_MUC",1994,"Peridinium balticum",0,3770163,"Apocalathium"
"EMB262_6_28_MUC",1994,"Peridinium bipes",0,3770163,"Apocalathium"
"EMB262_6_28_MUC",1994,"Peridinium hangoei",110400,3770163,"Apocalathium"
"EMB262_6_28_MUC",1994,"SCRIPPSIELLA",0,3770163,"Apocalathium"
"EMB262_6_28_MUC",1994,"SKELETONEMA",0,3770163,"Skeletonema"
"EMB262_6_28_MUC",1994,"Scrippsiella",0,3770163,"Apocalathium"
"EMB262_6_28_MUC",1994,"Scrippsiella hangoei",0,3770163,"Apocalathium"
"EMB262_6_28_MUC",1994,"Scrippsiella trochoidea",0,3770163,"Apocalathium"
"EMB262_6_28_MUC",1994,"Skeletonema",0,3770163,"Skeletonema"
"EMB262_6_28_MUC",1994,"Skeletonema costatum",36287,3770163,"Skeletonema"
"EMB262_6_28_MUC",1994,"Skeletonema marinoi",0,3770163,"Skeletonema"
"EMB262_6_28_MUC",1994,"Skeletonema subsalsum",0,3770163,"Skeletonema"
"EMB262_6_28_MUC",1999,"Apocalathium malmogiense",0,30092892,"Apocalathium"
"EMB262_6_28_MUC",1999,"PERIDINIUM",0,30092892,"Apocalathium"
"EMB262_6_28_MUC",1999,"Pericrocotus brevirostris",0,30092892,"Pericrocotus brevirostris"
"EMB262_6_28_MUC",1999,"Peridinium",0,30092892,"Apocalathium"
"EMB262_6_28_MUC",1999,"Peridinium balticum",0,30092892,"Apocalathium"
"EMB262_6_28_MUC",1999,"Peridinium bipes",0,30092892,"Apocalathium"
"EMB262_6_28_MUC",1999,"Peridinium hangoei",0,30092892,"Apocalathium"
"EMB262_6_28_MUC",1999,"SCRIPPSIELLA",0,30092892,"Apocalathium"
"EMB262_6_28_MUC",1999,"SKELETONEMA",0,30092892,"Skeletonema"
"EMB262_6_28_MUC",1999,"Scrippsiella",0,30092892,"Apocalathium"
"EMB262_6_28_MUC",1999,"Scrippsiella hangoei",1508432,30092892,"Apocalathium"
"EMB262_6_28_MUC",1999,"Scrippsiella trochoidea",0,30092892,"Apocalathium"
"EMB262_6_28_MUC",1999,"Skeletonema",0,30092892,"Skeletonema"
"EMB262_6_28_MUC",1999,"Skeletonema costatum",7326,30092892,"Skeletonema"
"EMB262_6_28_MUC",1999,"Skeletonema marinoi",0,30092892,"Skeletonema"
"EMB262_6_28_MUC",1999,"Skeletonema subsalsum",0,30092892,"Skeletonema"
"EMB262_6_28_MUC",2000,"Apocalathium malmogiense",0,75274345.55,"Apocalathium"
"EMB262_6_28_MUC",2000,"PERIDINIUM",0,75274345.55,"Apocalathium"
"EMB262_6_28_MUC",2000,"Pericrocotus brevirostris",0,75274345.55,"Pericrocotus brevirostris"
"EMB262_6_28_MUC",2000,"Peridinium",0,75274345.55,"Apocalathium"
"EMB262_6_28_MUC",2000,"Peridinium balticum",0,75274345.55,"Apocalathium"
"EMB262_6_28_MUC",2000,"Peridinium bipes",0,75274345.55,"Apocalathium"
"EMB262_6_28_MUC",2000,"Peridinium hangoei",0,75274345.55,"Apocalathium"
"EMB262_6_28_MUC",2000,"SCRIPPSIELLA",0,75274345.55,"Apocalathium"
"EMB262_6_28_MUC",2000,"SKELETONEMA",0,75274345.55,"Skeletonema"
"EMB262_6_28_MUC",2000,"Scrippsiella",0,75274345.55,"Apocalathium"
"EMB262_6_28_MUC",2000,"Scrippsiella hangoei",203505,75274345.55,"Apocalathium"
"EMB262_6_28_MUC",2000,"Scrippsiella trochoidea",0,75274345.55,"Apocalathium"
"EMB262_6_28_MUC",2000,"Skeletonema",0,75274345.55,"Skeletonema"
"EMB262_6_28_MUC",2000,"Skeletonema costatum",296242,75274345.55,"Skeletonema"
"EMB262_6_28_MUC",2000,"Skeletonema marinoi",0,75274345.55,"Skeletonema"
"EMB262_6_28_MUC",2000,"Skeletonema subsalsum",0,75274345.55,"Skeletonema"
"EMB262_6_28_MUC",2001,"Apocalathium malmogiense",0,15933188.5,"Apocalathium"
"EMB262_6_28_MUC",2001,"PERIDINIUM",0,15933188.5,"Apocalathium"
"EMB262_6_28_MUC",2001,"Pericrocotus brevirostris",0,15933188.5,"Pericrocotus brevirostris"
"EMB262_6_28_MUC",2001,"Peridinium",0,15933188.5,"Apocalathium"
"EMB262_6_28_MUC",2001,"Peridinium balticum",0,15933188.5,"Apocalathium"
"EMB262_6_28_MUC",2001,"Peridinium bipes",0,15933188.5,"Apocalathium"
"EMB262_6_28_MUC",2001,"Peridinium hangoei",0,15933188.5,"Apocalathium"
"EMB262_6_28_MUC",2001,"SCRIPPSIELLA",0,15933188.5,"Apocalathium"
"EMB262_6_28_MUC",2001,"SKELETONEMA",0,15933188.5,"Skeletonema"
"EMB262_6_28_MUC",2001,"Scrippsiella",0,15933188.5,"Apocalathium"
"EMB262_6_28_MUC",2001,"Scrippsiella hangoei",18718,15933188.5,"Apocalathium"
"EMB262_6_28_MUC",2001,"Scrippsiella trochoidea",0,15933188.5,"Apocalathium"
"EMB262_6_28_MUC",2001,"Skeletonema",0,15933188.5,"Skeletonema"
"EMB262_6_28_MUC",2001,"Skeletonema costatum",1124496,15933188.5,"Skeletonema"
"EMB262_6_28_MUC",2001,"Skeletonema marinoi",0,15933188.5,"Skeletonema"
"EMB262_6_28_MUC",2001,"Skeletonema subsalsum",0,15933188.5,"Skeletonema"
"EMB262_6_28_MUC",2003,"Apocalathium malmogiense",0,3054971,"Apocalathium"
"EMB262_6_28_MUC",2003,"PERIDINIUM",0,3054971,"Apocalathium"
"EMB262_6_28_MUC",2003,"Pericrocotus brevirostris",0,3054971,"Pericrocotus brevirostris"
"EMB262_6_28_MUC",2003,"Peridinium",0,3054971,"Apocalathium"
"EMB262_6_28_MUC",2003,"Peridinium balticum",0,3054971,"Apocalathium"
"EMB262_6_28_MUC",2003,"Peridinium bipes",0,3054971,"Apocalathium"
"EMB262_6_28_MUC",2003,"Peridinium hangoei",0,3054971,"Apocalathium"
"EMB262_6_28_MUC",2003,"SCRIPPSIELLA",0,3054971,"Apocalathium"
"EMB262_6_28_MUC",2003,"SKELETONEMA",0,3054971,"Skeletonema"
"EMB262_6_28_MUC",2003,"Scrippsiella",0,3054971,"Apocalathium"
"EMB262_6_28_MUC",2003,"Scrippsiella hangoei",260707.2,3054971,"Apocalathium"
"EMB262_6_28_MUC",2003,"Scrippsiella trochoidea",0,3054971,"Apocalathium"
"EMB262_6_28_MUC",2003,"Skeletonema",0,3054971,"Skeletonema"
"EMB262_6_28_MUC",2003,"Skeletonema costatum",228647.3,3054971,"Skeletonema"
"EMB262_6_28_MUC",2003,"Skeletonema marinoi",0,3054971,"Skeletonema"
"EMB262_6_28_MUC",2003,"Skeletonema subsalsum",0,3054971,"Skeletonema"
"EMB262_6_28_MUC",2004,"Apocalathium malmogiense",0,13730324,"Apocalathium"
"EMB262_6_28_MUC",2004,"PERIDINIUM",0,13730324,"Apocalathium"
"EMB262_6_28_MUC",2004,"Pericrocotus brevirostris",0,13730324,"Pericrocotus brevirostris"
"EMB262_6_28_MUC",2004,"Peridinium",0,13730324,"Apocalathium"
"EMB262_6_28_MUC",2004,"Peridinium balticum",0,13730324,"Apocalathium"
"EMB262_6_28_MUC",2004,"Peridinium bipes",0,13730324,"Apocalathium"
"EMB262_6_28_MUC",2004,"Peridinium hangoei",0,13730324,"Apocalathium"
"EMB262_6_28_MUC",2004,"SCRIPPSIELLA",0,13730324,"Apocalathium"
"EMB262_6_28_MUC",2004,"SKELETONEMA",0,13730324,"Skeletonema"
"EMB262_6_28_MUC",2004,"Scrippsiella",0,13730324,"Apocalathium"
"EMB262_6_28_MUC",2004,"Scrippsiella hangoei",160327,13730324,"Apocalathium"
"EMB262_6_28_MUC",2004,"Scrippsiella trochoidea",0,13730324,"Apocalathium"
"EMB262_6_28_MUC",2004,"Skeletonema",0,13730324,"Skeletonema"
"EMB262_6_28_MUC",2004,"Skeletonema costatum",13210,13730324,"Skeletonema"
"EMB262_6_28_MUC",2004,"Skeletonema marinoi",0,13730324,"Skeletonema"
"EMB262_6_28_MUC",2004,"Skeletonema subsalsum",0,13730324,"Skeletonema"
"EMB262_6_28_MUC",2008,"Apocalathium malmogiense",0,231077193.915333,"Apocalathium"
"EMB262_6_28_MUC",2008,"PERIDINIUM",0,231077193.915333,"Apocalathium"
"EMB262_6_28_MUC",2008,"Pericrocotus brevirostris",0,231077193.915333,"Pericrocotus brevirostris"
"EMB262_6_28_MUC",2008,"Peridinium",0,231077193.915333,"Apocalathium"
"EMB262_6_28_MUC",2008,"Peridinium balticum",0,231077193.915333,"Apocalathium"
"EMB262_6_28_MUC",2008,"Peridinium bipes",0,231077193.915333,"Apocalathium"
"EMB262_6_28_MUC",2008,"Peridinium hangoei",0,231077193.915333,"Apocalathium"
"EMB262_6_28_MUC",2008,"SCRIPPSIELLA",0,231077193.915333,"Apocalathium"
"EMB262_6_28_MUC",2008,"SKELETONEMA",0,231077193.915333,"Skeletonema"
"EMB262_6_28_MUC",2008,"Scrippsiella",34365.6,231077193.915333,"Apocalathium"
"EMB262_6_28_MUC",2008,"Scrippsiella hangoei",0,231077193.915333,"Apocalathium"
"EMB262_6_28_MUC",2008,"Scrippsiella trochoidea",0,231077193.915333,"Apocalathium"
"EMB262_6_28_MUC",2008,"Skeletonema",0,231077193.915333,"Skeletonema"
"EMB262_6_28_MUC",2008,"Skeletonema costatum",312977.6,231077193.915333,"Skeletonema"
"EMB262_6_28_MUC",2008,"Skeletonema marinoi",759476,231077193.915333,"Skeletonema"
"EMB262_6_28_MUC",2008,"Skeletonema subsalsum",0,231077193.915333,"Skeletonema"
"EMB262_6_28_MUC",2009,"Apocalathium malmogiense",0,157666523.07381,"Apocalathium"
"EMB262_6_28_MUC",2009,"PERIDINIUM",0,157666523.07381,"Apocalathium"
"EMB262_6_28_MUC",2009,"Pericrocotus brevirostris",0,157666523.07381,"Pericrocotus brevirostris"
"EMB262_6_28_MUC",2009,"Peridinium",0,157666523.07381,"Apocalathium"
"EMB262_6_28_MUC",2009,"Peridinium balticum",0,157666523.07381,"Apocalathium"
"EMB262_6_28_MUC",2009,"Peridinium bipes",0,157666523.07381,"Apocalathium"
"EMB262_6_28_MUC",2009,"Peridinium hangoei",0,157666523.07381,"Apocalathium"
"EMB262_6_28_MUC",2009,"SCRIPPSIELLA",0,157666523.07381,"Apocalathium"
"EMB262_6_28_MUC",2009,"SKELETONEMA",0,157666523.07381,"Skeletonema"
"EMB262_6_28_MUC",2009,"Scrippsiella",0,157666523.07381,"Apocalathium"
"EMB262_6_28_MUC",2009,"Scrippsiella hangoei",4365,157666523.07381,"Apocalathium"
"EMB262_6_28_MUC",2009,"Scrippsiella trochoidea",0,157666523.07381,"Apocalathium"
"EMB262_6_28_MUC",2009,"Skeletonema",0,157666523.07381,"Skeletonema"
"EMB262_6_28_MUC",2009,"Skeletonema costatum",199250,157666523.07381,"Skeletonema"
"EMB262_6_28_MUC",2009,"Skeletonema marinoi",7360,157666523.07381,"Skeletonema"
"EMB262_6_28_MUC",2009,"Skeletonema subsalsum",56017.5,157666523.07381,"Skeletonema"
"EMB262_6_28_MUC",2010,"Apocalathium malmogiense",0,178260370.214286,"Apocalathium"
"EMB262_6_28_MUC",2010,"PERIDINIUM",0,178260370.214286,"Apocalathium"
"EMB262_6_28_MUC",2010,"Pericrocotus brevirostris",0,178260370.214286,"Pericrocotus brevirostris"
"EMB262_6_28_MUC",2010,"Peridinium",0,178260370.214286,"Apocalathium"
"EMB262_6_28_MUC",2010,"Peridinium balticum",0,178260370.214286,"Apocalathium"
"EMB262_6_28_MUC",2010,"Peridinium bipes",0,178260370.214286,"Apocalathium"
"EMB262_6_28_MUC",2010,"Peridinium hangoei",0,178260370.214286,"Apocalathium"
"EMB262_6_28_MUC",2010,"SCRIPPSIELLA",0,178260370.214286,"Apocalathium"
"EMB262_6_28_MUC",2010,"SKELETONEMA",0,178260370.214286,"Skeletonema"
"EMB262_6_28_MUC",2010,"Scrippsiella",71035,178260370.214286,"Apocalathium"
"EMB262_6_28_MUC",2010,"Scrippsiella hangoei",12360,178260370.214286,"Apocalathium"
"EMB262_6_28_MUC",2010,"Scrippsiella trochoidea",0,178260370.214286,"Apocalathium"
"EMB262_6_28_MUC",2010,"Skeletonema",0,178260370.214286,"Skeletonema"
"EMB262_6_28_MUC",2010,"Skeletonema costatum",367387.5,178260370.214286,"Skeletonema"
"EMB262_6_28_MUC",2010,"Skeletonema marinoi",1123860,178260370.214286,"Skeletonema"
"EMB262_6_28_MUC",2010,"Skeletonema subsalsum",1840,178260370.214286,"Skeletonema"
"EMB262_6_28_MUC",2011,"Apocalathium malmogiense",0,796406815.611111,"Apocalathium"
"EMB262_6_28_MUC",2011,"PERIDINIUM",0,796406815.611111,"Apocalathium"
"EMB262_6_28_MUC",2011,"Pericrocotus brevirostris",0,796406815.611111,"Pericrocotus brevirostris"
"EMB262_6_28_MUC",2011,"Peridinium",0,796406815.611111,"Apocalathium"
"EMB262_6_28_MUC",2011,"Peridinium balticum",0,796406815.611111,"Apocalathium"
"EMB262_6_28_MUC",2011,"Peridinium bipes",0,796406815.611111,"Apocalathium"
"EMB262_6_28_MUC",2011,"Peridinium hangoei",0,796406815.611111,"Apocalathium"
"EMB262_6_28_MUC",2011,"SCRIPPSIELLA",0,796406815.611111,"Apocalathium"
"EMB262_6_28_MUC",2011,"SKELETONEMA",0,796406815.611111,"Skeletonema"
"EMB262_6_28_MUC",2011,"Scrippsiella",24592.5,796406815.611111,"Apocalathium"
"EMB262_6_28_MUC",2011,"Scrippsiella hangoei",0,796406815.611111,"Apocalathium"
"EMB262_6_28_MUC",2011,"Scrippsiella trochoidea",240,796406815.611111,"Apocalathium"
"EMB262_6_28_MUC",2011,"Skeletonema",0,796406815.611111,"Skeletonema"
"EMB262_6_28_MUC",2011,"Skeletonema costatum",859530,796406815.611111,"Skeletonema"
"EMB262_6_28_MUC",2011,"Skeletonema marinoi",7286638.83333333,796406815.611111,"Skeletonema"
"EMB262_6_28_MUC",2011,"Skeletonema subsalsum",52746,796406815.611111,"Skeletonema"
"EMB262_6_28_MUC",2012,"Apocalathium malmogiense",0,103109118.891667,"Apocalathium"
"EMB262_6_28_MUC",2012,"PERIDINIUM",0,103109118.891667,"Apocalathium"
"EMB262_6_28_MUC",2012,"Pericrocotus brevirostris",0,103109118.891667,"Pericrocotus brevirostris"
"EMB262_6_28_MUC",2012,"Peridinium",0,103109118.891667,"Apocalathium"
"EMB262_6_28_MUC",2012,"Peridinium balticum",0,103109118.891667,"Apocalathium"
"EMB262_6_28_MUC",2012,"Peridinium bipes",0,103109118.891667,"Apocalathium"
"EMB262_6_28_MUC",2012,"Peridinium hangoei",0,103109118.891667,"Apocalathium"
"EMB262_6_28_MUC",2012,"SCRIPPSIELLA",0,103109118.891667,"Apocalathium"
"EMB262_6_28_MUC",2012,"SKELETONEMA",0,103109118.891667,"Skeletonema"
"EMB262_6_28_MUC",2012,"Scrippsiella",47220,103109118.891667,"Apocalathium"
"EMB262_6_28_MUC",2012,"Scrippsiella hangoei",1817.5,103109118.891667,"Apocalathium"
"EMB262_6_28_MUC",2012,"Scrippsiella trochoidea",0,103109118.891667,"Apocalathium"
"EMB262_6_28_MUC",2012,"Skeletonema",0,103109118.891667,"Skeletonema"
"EMB262_6_28_MUC",2012,"Skeletonema costatum",574242,103109118.891667,"Skeletonema"
"EMB262_6_28_MUC",2012,"Skeletonema marinoi",1627806,103109118.891667,"Skeletonema"
"EMB262_6_28_MUC",2012,"Skeletonema subsalsum",20370,103109118.891667,"Skeletonema"
"EMB262_6_28_MUC",2013,"Apocalathium malmogiense",0,243127424.366667,"Apocalathium"
"EMB262_6_28_MUC",2013,"PERIDINIUM",0,243127424.366667,"Apocalathium"
"EMB262_6_28_MUC",2013,"Pericrocotus brevirostris",0,243127424.366667,"Pericrocotus brevirostris"
"EMB262_6_28_MUC",2013,"Peridinium",0,243127424.366667,"Apocalathium"
"EMB262_6_28_MUC",2013,"Peridinium balticum",0,243127424.366667,"Apocalathium"
"EMB262_6_28_MUC",2013,"Peridinium bipes",0,243127424.366667,"Apocalathium"
"EMB262_6_28_MUC",2013,"Peridinium hangoei",0,243127424.366667,"Apocalathium"
"EMB262_6_28_MUC",2013,"SCRIPPSIELLA",0,243127424.366667,"Apocalathium"
"EMB262_6_28_MUC",2013,"SKELETONEMA",0,243127424.366667,"Skeletonema"
"EMB262_6_28_MUC",2013,"Scrippsiella",79348,243127424.366667,"Apocalathium"
"EMB262_6_28_MUC",2013,"Scrippsiella hangoei",2936.66666666667,243127424.366667,"Apocalathium"
"EMB262_6_28_MUC",2013,"Scrippsiella trochoidea",0,243127424.366667,"Apocalathium"
"EMB262_6_28_MUC",2013,"Skeletonema",0,243127424.366667,"Skeletonema"
"EMB262_6_28_MUC",2013,"Skeletonema costatum",0,243127424.366667,"Skeletonema"
"EMB262_6_28_MUC",2013,"Skeletonema marinoi",6224840.25,243127424.366667,"Skeletonema"
"EMB262_6_28_MUC",2013,"Skeletonema subsalsum",0,243127424.366667,"Skeletonema"
"EMB262_6_28_MUC",2014,"Apocalathium malmogiense",0,165837184.701249,"Apocalathium"
"EMB262_6_28_MUC",2014,"PERIDINIUM",0,165837184.701249,"Apocalathium"
"EMB262_6_28_MUC",2014,"Pericrocotus brevirostris",0,165837184.701249,"Pericrocotus brevirostris"
"EMB262_6_28_MUC",2014,"Peridinium",346024.858308,165837184.701249,"Apocalathium"
"EMB262_6_28_MUC",2014,"Peridinium balticum",0,165837184.701249,"Apocalathium"
"EMB262_6_28_MUC",2014,"Peridinium bipes",0,165837184.701249,"Apocalathium"
"EMB262_6_28_MUC",2014,"Peridinium hangoei",0,165837184.701249,"Apocalathium"
"EMB262_6_28_MUC",2014,"SCRIPPSIELLA",0,165837184.701249,"Apocalathium"
"EMB262_6_28_MUC",2014,"SKELETONEMA",0,165837184.701249,"Skeletonema"
"EMB262_6_28_MUC",2014,"Scrippsiella",119528,165837184.701249,"Apocalathium"
"EMB262_6_28_MUC",2014,"Scrippsiella hangoei",0,165837184.701249,"Apocalathium"
"EMB262_6_28_MUC",2014,"Scrippsiella trochoidea",0,165837184.701249,"Apocalathium"
"EMB262_6_28_MUC",2014,"Skeletonema",0,165837184.701249,"Skeletonema"
"EMB262_6_28_MUC",2014,"Skeletonema costatum",0,165837184.701249,"Skeletonema"
"EMB262_6_28_MUC",2014,"Skeletonema marinoi",2900877.66666667,165837184.701249,"Skeletonema"
"EMB262_6_28_MUC",2014,"Skeletonema subsalsum",31003,165837184.701249,"Skeletonema"
"EMB262_6_28_MUC",2015,"Apocalathium malmogiense",0,93599150.1902024,"Apocalathium"
"EMB262_6_28_MUC",2015,"PERIDINIUM",0,93599150.1902024,"Apocalathium"
"EMB262_6_28_MUC",2015,"Pericrocotus brevirostris",0,93599150.1902024,"Pericrocotus brevirostris"
"EMB262_6_28_MUC",2015,"Peridinium",423985,93599150.1902024,"Apocalathium"
"EMB262_6_28_MUC",2015,"Peridinium balticum",0,93599150.1902024,"Apocalathium"
"EMB262_6_28_MUC",2015,"Peridinium bipes",0,93599150.1902024,"Apocalathium"
"EMB262_6_28_MUC",2015,"Peridinium hangoei",0,93599150.1902024,"Apocalathium"
"EMB262_6_28_MUC",2015,"SCRIPPSIELLA",0,93599150.1902024,"Apocalathium"
"EMB262_6_28_MUC",2015,"SKELETONEMA",0,93599150.1902024,"Skeletonema"
"EMB262_6_28_MUC",2015,"Scrippsiella",991022,93599150.1902024,"Apocalathium"
"EMB262_6_28_MUC",2015,"Scrippsiella hangoei",103824,93599150.1902024,"Apocalathium"
"EMB262_6_28_MUC",2015,"Scrippsiella trochoidea",361,93599150.1902024,"Apocalathium"
"EMB262_6_28_MUC",2015,"Skeletonema",0,93599150.1902024,"Skeletonema"
"EMB262_6_28_MUC",2015,"Skeletonema costatum",0,93599150.1902024,"Skeletonema"
"EMB262_6_28_MUC",2015,"Skeletonema marinoi",9313142.93333333,93599150.1902024,"Skeletonema"
"EMB262_6_28_MUC",2015,"Skeletonema subsalsum",3566120,93599150.1902024,"Skeletonema"
"EMB262_6_28_MUC",2016,"Apocalathium malmogiense",0,76700925.360885,"Apocalathium"
"EMB262_6_28_MUC",2016,"PERIDINIUM",0,76700925.360885,"Apocalathium"
"EMB262_6_28_MUC",2016,"Pericrocotus brevirostris",0,76700925.360885,"Pericrocotus brevirostris"
"EMB262_6_28_MUC",2016,"Peridinium",130485,76700925.360885,"Apocalathium"
"EMB262_6_28_MUC",2016,"Peridinium balticum",0,76700925.360885,"Apocalathium"
"EMB262_6_28_MUC",2016,"Peridinium bipes",0,76700925.360885,"Apocalathium"
"EMB262_6_28_MUC",2016,"Peridinium hangoei",0,76700925.360885,"Apocalathium"
"EMB262_6_28_MUC",2016,"SCRIPPSIELLA",0,76700925.360885,"Apocalathium"
"EMB262_6_28_MUC",2016,"SKELETONEMA",0,76700925.360885,"Skeletonema"
"EMB262_6_28_MUC",2016,"Scrippsiella",32660,76700925.360885,"Apocalathium"
"EMB262_6_28_MUC",2016,"Scrippsiella hangoei",19066.4444444444,76700925.360885,"Apocalathium"
"EMB262_6_28_MUC",2016,"Scrippsiella trochoidea",0,76700925.360885,"Apocalathium"
"EMB262_6_28_MUC",2016,"Skeletonema",0,76700925.360885,"Skeletonema"
"EMB262_6_28_MUC",2016,"Skeletonema costatum",0,76700925.360885,"Skeletonema"
"EMB262_6_28_MUC",2016,"Skeletonema marinoi",2880371.15430474,76700925.360885,"Skeletonema"
"EMB262_6_28_MUC",2016,"Skeletonema subsalsum",14420,76700925.360885,"Skeletonema"
"EMB262_6_28_MUC",2017,"Apocalathium malmogiense",0,47103106.5365902,"Apocalathium"
"EMB262_6_28_MUC",2017,"PERIDINIUM",0,47103106.5365902,"Apocalathium"
"EMB262_6_28_MUC",2017,"Pericrocotus brevirostris",0,47103106.5365902,"Pericrocotus brevirostris"
"EMB262_6_28_MUC",2017,"Peridinium",120.11904762,47103106.5365902,"Apocalathium"
"EMB262_6_28_MUC",2017,"Peridinium balticum",0,47103106.5365902,"Apocalathium"
"EMB262_6_28_MUC",2017,"Peridinium bipes",0,47103106.5365902,"Apocalathium"
"EMB262_6_28_MUC",2017,"Peridinium hangoei",0,47103106.5365902,"Apocalathium"
"EMB262_6_28_MUC",2017,"SCRIPPSIELLA",0,47103106.5365902,"Apocalathium"
"EMB262_6_28_MUC",2017,"SKELETONEMA",0,47103106.5365902,"Skeletonema"
"EMB262_6_28_MUC",2017,"Scrippsiella",64222,47103106.5365902,"Apocalathium"
"EMB262_6_28_MUC",2017,"Scrippsiella hangoei",13756,47103106.5365902,"Apocalathium"
"EMB262_6_28_MUC",2017,"Scrippsiella trochoidea",0,47103106.5365902,"Apocalathium"
"EMB262_6_28_MUC",2017,"Skeletonema",0,47103106.5365902,"Skeletonema"
"EMB262_6_28_MUC",2017,"Skeletonema costatum",0,47103106.5365902,"Skeletonema"
"EMB262_6_28_MUC",2017,"Skeletonema marinoi",818822.15,47103106.5365902,"Skeletonema"
"EMB262_6_28_MUC",2017,"Skeletonema subsalsum",34028,47103106.5365902,"Skeletonema"
"EMB262_6_28_MUC",2018,"Apocalathium malmogiense",0,237047436.568968,"Apocalathium"
"EMB262_6_28_MUC",2018,"PERIDINIUM",0,237047436.568968,"Apocalathium"
"EMB262_6_28_MUC",2018,"Pericrocotus brevirostris",0,237047436.568968,"Pericrocotus brevirostris"
"EMB262_6_28_MUC",2018,"Peridinium",78304,237047436.568968,"Apocalathium"
"EMB262_6_28_MUC",2018,"Peridinium balticum",0,237047436.568968,"Apocalathium"
"EMB262_6_28_MUC",2018,"Peridinium bipes",0,237047436.568968,"Apocalathium"
"EMB262_6_28_MUC",2018,"Peridinium hangoei",0,237047436.568968,"Apocalathium"
"EMB262_6_28_MUC",2018,"SCRIPPSIELLA",0,237047436.568968,"Apocalathium"
"EMB262_6_28_MUC",2018,"SKELETONEMA",0,237047436.568968,"Skeletonema"
"EMB262_6_28_MUC",2018,"Scrippsiella",12840,237047436.568968,"Apocalathium"
"EMB262_6_28_MUC",2018,"Scrippsiella hangoei",44670.8,237047436.568968,"Apocalathium"
"EMB262_6_28_MUC",2018,"Scrippsiella trochoidea",160,237047436.568968,"Apocalathium"
"EMB262_6_28_MUC",2018,"Skeletonema",0,237047436.568968,"Skeletonema"
"EMB262_6_28_MUC",2018,"Skeletonema costatum",0,237047436.568968,"Skeletonema"
"EMB262_6_28_MUC",2018,"Skeletonema marinoi",10141632.8380952,237047436.568968,"Skeletonema"
"EMB262_6_28_MUC",2018,"Skeletonema subsalsum",11584,237047436.568968,"Skeletonema"
"EMB262_6_28_MUC",2019,"Apocalathium malmogiense",10136,375584192.758333,"Apocalathium"
"EMB262_6_28_MUC",2019,"PERIDINIUM",0,375584192.758333,"Apocalathium"
"EMB262_6_28_MUC",2019,"Pericrocotus brevirostris",0,375584192.758333,"Pericrocotus brevirostris"
"EMB262_6_28_MUC",2019,"Peridinium",0,375584192.758333,"Apocalathium"
"EMB262_6_28_MUC",2019,"Peridinium balticum",0,375584192.758333,"Apocalathium"
"EMB262_6_28_MUC",2019,"Peridinium bipes",0,375584192.758333,"Apocalathium"
"EMB262_6_28_MUC",2019,"Peridinium hangoei",0,375584192.758333,"Apocalathium"
"EMB262_6_28_MUC",2019,"SCRIPPSIELLA",0,375584192.758333,"Apocalathium"
"EMB262_6_28_MUC",2019,"SKELETONEMA",0,375584192.758333,"Skeletonema"
"EMB262_6_28_MUC",2019,"Scrippsiella",5880,375584192.758333,"Apocalathium"
"EMB262_6_28_MUC",2019,"Scrippsiella hangoei",0,375584192.758333,"Apocalathium"
"EMB262_6_28_MUC",2019,"Scrippsiella trochoidea",0,375584192.758333,"Apocalathium"
"EMB262_6_28_MUC",2019,"Skeletonema",0,375584192.758333,"Skeletonema"
"EMB262_6_28_MUC",2019,"Skeletonema costatum",0,375584192.758333,"Skeletonema"
"EMB262_6_28_MUC",2019,"Skeletonema marinoi",18170227.7714286,375584192.758333,"Skeletonema"
"EMB262_6_28_MUC",2019,"Skeletonema subsalsum",1448,375584192.758333,"Skeletonema"
"EMB262_6_28_MUC",2020,"Apocalathium malmogiense",18871.5,384663714.282828,"Apocalathium"
"EMB262_6_28_MUC",2020,"PERIDINIUM",0,384663714.282828,"Apocalathium"
"EMB262_6_28_MUC",2020,"Pericrocotus brevirostris",0,384663714.282828,"Pericrocotus brevirostris"
"EMB262_6_28_MUC",2020,"Peridinium",160,384663714.282828,"Apocalathium"
"EMB262_6_28_MUC",2020,"Peridinium balticum",0,384663714.282828,"Apocalathium"
"EMB262_6_28_MUC",2020,"Peridinium bipes",0,384663714.282828,"Apocalathium"
"EMB262_6_28_MUC",2020,"Peridinium hangoei",0,384663714.282828,"Apocalathium"
"EMB262_6_28_MUC",2020,"SCRIPPSIELLA",0,384663714.282828,"Apocalathium"
"EMB262_6_28_MUC",2020,"SKELETONEMA",0,384663714.282828,"Skeletonema"
"EMB262_6_28_MUC",2020,"Scrippsiella",0,384663714.282828,"Apocalathium"
"EMB262_6_28_MUC",2020,"Scrippsiella hangoei",0,384663714.282828,"Apocalathium"
"EMB262_6_28_MUC",2020,"Scrippsiella trochoidea",0,384663714.282828,"Apocalathium"
"EMB262_6_28_MUC",2020,"Skeletonema",0,384663714.282828,"Skeletonema"
"EMB262_6_28_MUC",2020,"Skeletonema costatum",0,384663714.282828,"Skeletonema"
"EMB262_6_28_MUC",2020,"Skeletonema marinoi",5111621.53333333,384663714.282828,"Skeletonema"
"EMB262_6_28_MUC",2020,"Skeletonema subsalsum",15445.3333333333,384663714.282828,"Skeletonema"
"EMB262_6_28_MUC",2021,"Apocalathium malmogiense",0,405583494.414286,"Apocalathium"
"EMB262_6_28_MUC",2021,"PERIDINIUM",0,405583494.414286,"Apocalathium"
"EMB262_6_28_MUC",2021,"Pericrocotus brevirostris",0,405583494.414286,"Pericrocotus brevirostris"
"EMB262_6_28_MUC",2021,"Peridinium",0,405583494.414286,"Apocalathium"
"EMB262_6_28_MUC",2021,"Peridinium balticum",0,405583494.414286,"Apocalathium"
"EMB262_6_28_MUC",2021,"Peridinium bipes",0,405583494.414286,"Apocalathium"
"EMB262_6_28_MUC",2021,"Peridinium hangoei",0,405583494.414286,"Apocalathium"
"EMB262_6_28_MUC",2021,"SCRIPPSIELLA",0,405583494.414286,"Apocalathium"
"EMB262_6_28_MUC",2021,"SKELETONEMA",0,405583494.414286,"Skeletonema"
"EMB262_6_28_MUC",2021,"Scrippsiella",0,405583494.414286,"Apocalathium"
"EMB262_6_28_MUC",2021,"Scrippsiella hangoei",0,405583494.414286,"Apocalathium"
"EMB262_6_28_MUC",2021,"Scrippsiella trochoidea",0,405583494.414286,"Apocalathium"
"EMB262_6_28_MUC",2021,"Skeletonema",0,405583494.414286,"Skeletonema"
"EMB262_6_28_MUC",2021,"Skeletonema costatum",0,405583494.414286,"Skeletonema"
"EMB262_6_28_MUC",2021,"Skeletonema marinoi",1133566.2,405583494.414286,"Skeletonema"
"EMB262_6_28_MUC",2021,"Skeletonema subsalsum",0,405583494.414286,"Skeletonema"
